"","Monkey","AA.99","AA.102","AA.109","AA.114","AA.125","AA.144","AA.162","AA.172","AA.179","AA.180","AA.183"
"1","Stock",22.448132780083,22.448132780083,21.3278008298755,21.8257261410788,25.5186721991701,28.6307053941909,26.3900414937759,1.82572614107884,27.6348547717842,27.551867219917,29.6680497925311
"2","A21918",73.7801519991188,73.212908910673,83.6050225795792,91.8548298270735,88.2476043617139,73.9453684326468,7.28604471858134,21.3790064985131,0.297389580350259,0.0991298601167529,0.0826082167639608
"3","A22117",0,0,0,0,0,9.375,0,0,0,9.375,0
"4","A22217",25.6410256410256,17.9487179487179,17.9487179487179,11.5384615384615,25.6410256410256,25.6410256410256,3.84615384615385,21.7948717948718,0,3.84615384615385,0
"5","A22317",77.8140137163685,68.8168433168673,19.0974054002206,24.8860965900916,26.2673253081387,88.3266989592825,50.0791328953048,0,19.6249580355858,19.4427125797324,16.5076015538823
"6","A22517",15.514067841178,50.6770970286616,46.8051538259269,59.3478832500657,86.6749934262424,98.0738890349724,5.67315277412569,0,0.144622666316066,0.170917696555351,0.223507757033921
"7","A22617",78.3797323409432,52.7087955342446,44.6360838760467,5.34602447577471,33.5003220496672,79.7037143061619,0.0715665927145209,71.094253202605,2.14699778143563,2.49051742646533,2.59071065626566
"8","A23918",21.9392941859902,22.6944861306095,14.9150409062303,11.0616255990705,28.179309677107,87.9992254441594,10.8679866389117,53.5363315098998,15.8638718110084,11.778089751658,24.9794258604831
"9","A24018",22.448132780083,22.448132780083,21.3278008298755,21.8257261410788,25.5186721991701,28.6307053941909,26.3900414937759,1.82572614107884,27.6348547717842,27.551867219917,29.6680497925311
"10","A34019",65.2392947103275,66.2468513853904,47.8589420654912,15.3652392947103,25.4408060453401,81.8639798488665,14.8614609571788,26.7002518891688,51.6372795969773,45.3400503778337,5.79345088161209
"11","A34119",25.354609929078,70.5673758865248,57.2695035460993,0,10.6382978723404,79.6099290780142,12.7659574468085,0,62.7659574468085,25,0
"12","A34219",NA,NA,NA,NA,NA,NA,NA,NA,NA,NA,NA
