"","a","c","g","t","deletion","insertion","N","pos","TotalReads","MajNt","ref","transition.maj","transition.ref","freq.Ts","freq.Ts.ref","freq.transv","freq.transv.ref","freq.transv1","freq.transv2","freq.transv1.ref","freq.transv2.ref","freq.mutations","freq.mutations.ref"
"1",35,1,69898,7,0,0,0,172,69941,"g","g","a","a",0.000500421784075149,0.000500421784075149,0.00011438212207432,0.00011438212207432,1.429776525929e-05,0.00010008435681503,1.429776525929e-05,0.00010008435681503,0.000614803906149469,0.000614803906149469
"2",69861,4,101,13,0,0,0,173,69979,"a","a","g","g",0.00144329012989611,0.00144329012989611,0.000242930021863702,0.000242930021863702,5.71600051444005e-05,0.000185770016719302,5.71600051444005e-05,0.000185770016719302,0.00168622015175981,0.00168622015175981
"3",11,155,0,69775,0,0,0,174,69941,"t","t","c","c",0.00221615361518995,0.00221615361518995,0.00015727541785219,0.00015727541785219,0.00015727541785219,0,0.00015727541785219,0,0.00237342903304214,0.00237342903304214
"4",27,0,69888,8,0,0,0,175,69923,"g","g","a","a",0.000386139038656808,0.000386139038656808,0.000114411567009425,0.000114411567009425,0,0.000114411567009425,0,0.000114411567009425,0.000500550605666233,0.000500550605666233
"5",8,69852,3,46,3,0,0,176,69909,"c","c","t","t",0.000657998254874194,0.000657998254874194,0.000157347408774264,0.000157347408774264,0.000114434479108555,4.29129296657083e-05,0.000114434479108555,4.29129296657083e-05,0.000815345663648457,0.000815345663648457
"6",84,125,245,69209,0,0,0,177,69663,"t","c","c","t",0.00179435281282747,0.993482910583811,0.0047227366033619,0.0047227366033619,0.00120580509022006,0.00351693151314184,0.00120580509022006,0.00351693151314184,0.00651708941618937,0.998205647187173
"7",175,237,7,69291,0,0,0,178,69710,"t","t","c","c",0.00339979916798164,0.00339979916798164,0.0026108162387032,0.0026108162387032,0.00251040022952231,0.000100416009180892,0.00251040022952231,0.000100416009180892,0.00601061540668484,0.00601061540668484
"8",607,5,69061,15,0,0,0,179,69688,"g","g","a","a",0.00871025140626794,0.00871025140626794,0.000286993456549191,0.000286993456549191,7.17483641372977e-05,0.000215245092411893,7.17483641372977e-05,0.000215245092411893,0.00899724486281713,0.00899724486281713
"9",46,1,69592,15,1,0,0,180,69654,"g","g","a","a",0.000660407155367962,0.000660407155367962,0.000229706836649726,0.000229706836649726,1.43566772906079e-05,0.000215350159359118,1.43566772906079e-05,0.000215350159359118,0.000890113992017687,0.000890113992017687
"10",39,6,69525,8,28,0,0,181,69578,"g","a","a","g",0.00056052200408175,0.999238264968812,0.000201213027106269,0.000201213027106269,8.62341544741154e-05,0.000114978872632154,8.62341544741154e-05,0.000114978872632154,0.000761735031188019,0.999439477995918
"11",69485,6,153,32,1,0,0,182,69676,"a","a","g","g",0.00219587806418279,0.00219587806418279,0.000545381479993111,0.000545381479993111,8.61128652620702e-05,0.000459268614731041,8.61128652620702e-05,0.000459268614731041,0.0027412595441759,0.0027412595441759
"12",40,3,69624,9,2,0,0,183,69676,"g","c","a","t",0.000574085768413801,0.000129169297893105,0.00017222573052414,0.999827774269476,4.30564326310351e-05,0.000129169297893105,4.30564326310351e-05,0.000129169297893105,0.000746311498937941,0.999956943567369
"13",69816,5,148,31,0,0,0,184,70000,"a","a","g","g",0.00211428571428571,0.00211428571428571,0.000514285714285714,0.000514285714285714,7.14285714285714e-05,0.000442857142857143,7.14285714285714e-05,0.000442857142857143,0.00262857142857143,0.00262857142857143
"14",69844,1,148,8,0,0,0,185,70001,"a","a","g","g",0.00211425551063556,0.00211425551063556,0.000128569591862973,0.000128569591862973,1.4285510206997e-05,0.000114284081655976,1.4285510206997e-05,0.000114284081655976,0.00224282510249854,0.00224282510249854
"15",10,77,1,69914,0,0,0,186,70002,"t","t","c","c",0.0010999685723265,0.0010999685723265,0.000157138367475215,0.000157138367475215,0.000142853061341105,1.42853061341105e-05,0.000142853061341105,1.42853061341105e-05,0.00125710693980172,0.00125710693980172
"16",69896,3,81,22,1,0,0,187,70002,"a","a","g","g",0.00115710979686295,0.00115710979686295,0.000357132653352761,0.000357132653352761,4.28559184023314e-05,0.00031427673495043,4.28559184023314e-05,0.00031427673495043,0.00151424245021571,0.00151424245021571
"17",3,69897,7,82,1,0,0,188,69989,"c","c","t","t",0.00117161268199288,0.00117161268199288,0.000142879595364986,0.000142879595364986,4.28638786094958e-05,0.00010001571675549,4.28638786094958e-05,0.00010001571675549,0.00131449227735787,0.00131449227735787
"18",69847,4,112,23,0,0,0,189,69986,"a","a","g","g",0.0016003200640128,0.0016003200640128,0.000385791444003086,0.000385791444003086,5.71542880004572e-05,0.000328637156002629,5.71542880004572e-05,0.000328637156002629,0.00198611150801589,0.00198611150801589
"19",31,1,69911,7,0,0,0,190,69950,"g","g","a","a",0.000443173695496783,0.000443173695496783,0.000114367405289492,0.000114367405289492,1.42959256611866e-05,0.000100071479628306,1.42959256611866e-05,0.000100071479628306,0.000557541100786276,0.000557541100786276
"20",23,114,3,69830,0,0,0,191,69970,"t","t","c","c",0.00162926968700872,0.00162926968700872,0.000371587823352866,0.000371587823352866,0.000328712305273689,4.28755180791768e-05,0.000328712305273689,4.28755180791768e-05,0.00200085751036158,0.00200085751036158
"21",10,69901,0,52,0,0,0,192,69963,"c","c","t","t",0.000743250003573317,0.000743250003573317,0.000142932692994869,0.000142932692994869,0.000142932692994869,0,0.000142932692994869,0,0.000886182696568186,0.000886182696568186
"22",69759,3,189,15,2,0,0,193,69966,"a","a","g","g",0.00270131206586056,0.00270131206586056,0.000257267815796244,0.000257267815796244,4.2877969299374e-05,0.00021438984649687,4.2877969299374e-05,0.00021438984649687,0.0029585798816568,0.0029585798816568
"23",10,69915,2,38,0,0,0,194,69965,"c","c","t","t",0.000543128707210748,0.000543128707210748,0.000171514328592868,0.000171514328592868,0.000142928607160723,2.85857214321446e-05,0.000142928607160723,2.85857214321446e-05,0.000714643035803616,0.000714643035803616
"24",69721,5,200,18,2,0,0,195,69944,"a","a","g","g",0.00285943040146403,0.00285943040146403,0.000328834496168363,0.000328834496168363,7.14857600366007e-05,0.000257348736131763,7.14857600366007e-05,0.000257348736131763,0.00318826489763239,0.00318826489763239
"25",42,2,69837,15,2,0,0,196,69896,"g","g","a","a",0.000600892754950212,0.000600892754950212,0.000243218496051276,0.000243218496051276,2.86139407119148e-05,0.000214604555339361,2.86139407119148e-05,0.000214604555339361,0.000844111251001488,0.000844111251001488
"26",69752,2,118,32,0,0,0,197,69904,"a","a","g","g",0.00168802929732204,0.00168802929732204,0.000486381322957198,0.000486381322957198,2.86106660563058e-05,0.000457770656900893,2.86106660563058e-05,0.000457770656900893,0.00217441062027924,0.00217441062027924
"27",69771,1,110,13,0,0,0,198,69895,"a","a","g","g",0.00157378925531154,0.00157378925531154,0.000200300450676014,0.000200300450676014,1.43071750482867e-05,0.000185993275627727,1.43071750482867e-05,0.000185993275627727,0.00177408970598755,0.00177408970598755
"28",5,69800,2,50,0,0,0,199,69857,"c","c","t","t",0.000715747884965,0.000715747884965,0.0001002047038951,0.0001002047038951,7.15747884965e-05,2.86299153986e-05,7.15747884965e-05,2.86299153986e-05,0.0008159525888601,0.0008159525888601
"29",69612,7,95,102,1,0,0,200,69816,"a","a","g","g",0.00136071960582102,0.00136071960582102,0.00156124670562622,0.00156124670562622,0.000100263549902601,0.00146098315572362,0.000100263549902601,0.00146098315572362,0.00292196631144723,0.00292196631144723
"30",43,2,69713,8,5,0,0,201,69766,"g","g","a","a",0.000616346071152137,0.000616346071152137,0.000143336295616776,0.000143336295616776,2.86672591233552e-05,0.000114669036493421,2.86672591233552e-05,0.000114669036493421,0.000759682366768913,0.000759682366768913
"31",89,2,69631,4,0,0,0,202,69726,"g","g","a","a",0.00127642486303531,0.00127642486303531,8.6051114361931e-05,8.6051114361931e-05,2.86837047873103e-05,5.73674095746207e-05,2.86837047873103e-05,5.73674095746207e-05,0.00136247597739724,0.00136247597739724
"32",5,69617,4,23,1,0,0,203,69649,"c","c","t","t",0.000330227282516619,0.000330227282516619,0.000129219371419547,0.000129219371419547,7.17885396775259e-05,5.74308317420207e-05,7.17885396775259e-05,5.74308317420207e-05,0.000459446653936166,0.000459446653936166
"33",69256,3,352,22,2,0,0,204,69633,"a","a","g","g",0.00505507446182126,0.00505507446182126,0.00035902517484526,0.00035902517484526,4.30830209814312e-05,0.000315942153863829,4.30830209814312e-05,0.000315942153863829,0.00541409963666652,0.00541409963666652
"34",69459,2,113,19,0,0,0,205,69593,"a","a","g","g",0.00162372652421939,0.00162372652421939,0.000301754486801834,0.000301754486801834,2.87385225525556e-05,0.000273015964249278,2.87385225525556e-05,0.000273015964249278,0.00192548101102122,0.00192548101102122
"35",12,63,1,69387,0,0,0,206,69463,"t","t","c","c",0.000906957660913004,0.000906957660913004,0.000187149993521731,0.000187149993521731,0.000172753840173906,1.43961533478255e-05,0.000172753840173906,1.43961533478255e-05,0.00109410765443474,0.00109410765443474
"36",69279,4,73,26,2,0,0,207,69382,"a","a","g","g",0.00105214608976392,0.00105214608976392,0.000432388804012568,0.000432388804012568,5.76518405350091e-05,0.000374736963477559,5.76518405350091e-05,0.000374736963477559,0.00148453489377648,0.00148453489377648
"37",35,3,69229,8,2,0,0,208,69275,"g","g","a","a",0.000505232767953807,0.000505232767953807,0.000158787441356911,0.000158787441356911,4.33056658246121e-05,0.000115481775532299,4.33056658246121e-05,0.000115481775532299,0.000664020209310718,0.000664020209310718
"38",69066,5,126,37,0,0,0,209,69234,"a","a","g","g",0.00181991507063004,0.00181991507063004,0.000606638356876679,0.000606638356876679,7.22188520091285e-05,0.000534419504867551,7.22188520091285e-05,0.000534419504867551,0.00242655342750672,0.00242655342750672
"39",33,8,69120,17,3,0,0,210,69178,"g","g","a","a",0.000477030269738934,0.000477030269738934,0.000361386567984041,0.000361386567984041,0.000115643701754893,0.000245742866229148,0.000115643701754893,0.000245742866229148,0.000838416837722976,0.000838416837722976
"40",2750,2,66287,7,0,0,0,211,69046,"g","g","a","a",0.0398285201170234,0.0398285201170234,0.000130347884019349,0.000130347884019349,2.89661964487443e-05,0.000101381687570605,2.89661964487443e-05,0.000101381687570605,0.0399588680010428,0.0399588680010428
"41",68799,2,133,19,1,0,0,212,68953,"a","a","g","g",0.00192885008629066,0.00192885008629066,0.000304555276782736,0.000304555276782736,2.90052644554987e-05,0.000275550012327237,2.90052644554987e-05,0.000275550012327237,0.0022334053630734,0.0022334053630734
"42",33,80,9,68399,1,0,0,213,68521,"t","t","c","c",0.00116752528421944,0.00116752528421944,0.000612950774215204,0.000612950774215204,0.000481604179740518,0.000131346594474687,0.000481604179740518,0.000131346594474687,0.00178047605843464,0.00178047605843464
"43",44,2,68403,12,1,0,0,214,68461,"g","g","a","a",0.00064270168417055,0.00064270168417055,0.000204495990417902,0.000204495990417902,2.92137129168432e-05,0.000175282277501059,2.92137129168432e-05,0.000175282277501059,0.000847197674588452,0.000847197674588452
"44",19,72,0,68268,1,0,0,215,68359,"t","t","c","c",0.00105326292075659,0.00105326292075659,0.000277944381866323,0.000277944381866323,0.000277944381866323,0,0.000277944381866323,0,0.00133120730262292,0.00133120730262292
"45",68123,4,110,31,0,0,0,216,68268,"a","a","g","g",0.00161129665436222,0.00161129665436222,0.000512685299115252,0.000512685299115252,5.85926056131716e-05,0.00045409269350208,5.85926056131716e-05,0.00045409269350208,0.00212398195347747,0.00212398195347747
"46",36,55,6,68085,0,0,0,217,68182,"t","t","c","c",0.000806664515561292,0.000806664515561292,0.000615998357337714,0.000615998357337714,0.000527998592003755,8.79997653339591e-05,0.000527998592003755,8.79997653339591e-05,0.00142266287289901,0.00142266287289901
"47",132,2,67996,2,0,0,0,218,68132,"g","g","a","a",0.00193741560500205,0.00193741560500205,5.87095637879411e-05,5.87095637879411e-05,2.93547818939705e-05,2.93547818939705e-05,2.93547818939705e-05,2.93547818939705e-05,0.00199612516879,0.00199612516879
"48",51,11,67881,18,0,0,0,219,67961,"g","g","a","a",0.000750430393902385,0.000750430393902385,0.000426715322022925,0.000426715322022925,0.00016185753593973,0.000264857786083195,0.00016185753593973,0.000264857786083195,0.00117714571592531,0.00117714571592531
"49",16,67507,2,64,0,0,0,220,67589,"c","a","t","g",0.000946899643433103,2.95906138572845e-05,0.00026631552471556,0.999733684475284,0.000236724910858276,2.95906138572845e-05,0.000236724910858276,2.95906138572845e-05,0.00121321516814866,0.999763275089142
"50",67400,6,131,29,1,0,0,221,67566,"a","a","g","g",0.00193884498120356,0.00193884498120356,0.000518012017878815,0.000518012017878815,8.88020602077968e-05,0.000429209957671018,8.88020602077968e-05,0.000429209957671018,0.00245685699908238,0.00245685699908238
"51",67387,1,73,30,16,0,0,222,67491,"a","t","g","c",0.00108162569824125,1.48167903868664e-05,0.000459320501992858,0.999540679498007,1.48167903868664e-05,0.000444503711605992,1.48167903868664e-05,0.000444503711605992,0.00154094620023411,0.999555496288394
"52",6,67462,2,37,0,0,0,223,67507,"c","c","t","t",0.000548091309049432,0.000548091309049432,0.000118506228983661,0.000118506228983661,8.88796717377457e-05,2.96265572459152e-05,8.88796717377457e-05,2.96265572459152e-05,0.000666597538033093,0.000666597538033093
"53",21,154,3,67329,0,0,0,224,67507,"t","t","c","c",0.00228124490793547,0.00228124490793547,0.000355518686950983,0.000355518686950983,0.00031107885108211,4.44398358688729e-05,0.00031107885108211,4.44398358688729e-05,0.00263676359488646,0.00263676359488646
"54",6,67482,0,18,1,0,0,225,67506,"c","c","t","t",0.000266642965069772,0.000266642965069772,8.88809883565905e-05,8.88809883565905e-05,8.88809883565905e-05,0,8.88809883565905e-05,0,0.000355523953426362,0.000355523953426362
"55",26,123,2,67275,10,0,0,226,67426,"t","t","c","c",0.00182422211016522,0.00182422211016522,0.000415270073858749,0.000415270073858749,0.000385607925725981,2.96621481327678e-05,0.000385607925725981,2.96621481327678e-05,0.00223949218402397,0.00223949218402397
"56",5,84,4,67321,0,0,0,227,67414,"t","t","c","c",0.00124603198148752,0.00124603198148752,0.000133503426587949,0.000133503426587949,7.41685703266384e-05,5.93348562613107e-05,7.41685703266384e-05,5.93348562613107e-05,0.00137953540807547,0.00137953540807547
"57",8,97,3,67243,1,0,0,228,67351,"t","t","c","c",0.00144021618090303,0.00144021618090303,0.000163323484432302,0.000163323484432302,0.000118780715950765,4.4542768481537e-05,0.000118780715950765,4.4542768481537e-05,0.00160353966533533,0.00160353966533533
"58",593,4,66548,8,4,0,0,229,67153,"g","g","a","a",0.00883058091224517,0.00883058091224517,0.000178696409691302,0.000178696409691302,5.95654698971007e-05,0.000119130939794201,5.95654698971007e-05,0.000119130939794201,0.00900927732193647,0.00900927732193647
"59",66766,4,174,24,1,0,0,230,66968,"a","a","g","g",0.002598255883407,0.002598255883407,0.000418110142157448,0.000418110142157448,5.97300203082069e-05,0.000358380121849241,5.97300203082069e-05,0.000358380121849241,0.00301636602556445,0.00301636602556445
"60",25,1,66506,7,0,0,0,231,66539,"g","g","a","a",0.000375719502847954,0.000375719502847954,0.000120230240911345,0.000120230240911345,1.50287801139182e-05,0.000105201460797427,1.50287801139182e-05,0.000105201460797427,0.000495949743759299,0.000495949743759299
"61",66291,1,133,20,0,0,0,232,66445,"a","a","g","g",0.00200165550455264,0.00200165550455264,0.00031605086913989,0.00031605086913989,1.50500413876138e-05,0.000301000827752276,1.50500413876138e-05,0.000301000827752276,0.00231770637369253,0.00231770637369253
"62",5,66226,0,28,0,0,0,233,66259,"c","c","t","t",0.000422584101782399,0.000422584101782399,7.5461446746857e-05,7.5461446746857e-05,7.5461446746857e-05,0,7.5461446746857e-05,0,0.000498045548529256,0.000498045548529256
"63",9,66105,3,33,0,0,0,234,66150,"c","c","t","t",0.000498866213151927,0.000498866213151927,0.00018140589569161,0.00018140589569161,0.000136054421768707,4.53514739229025e-05,0.000136054421768707,4.53514739229025e-05,0.000680272108843537,0.000680272108843537
"64",28,63,5,65383,0,0,0,235,65479,"t","t","c","c",0.000962140533606194,0.000962140533606194,0.000503978374746102,0.000503978374746102,0.000427618014936086,7.63603598100154e-05,0.000427618014936086,7.63603598100154e-05,0.0014661189083523,0.0014661189083523
"65",6,65364,1,22,1,0,0,236,65393,"c","c","t","t",0.000336427446362761,0.000336427446362761,0.000107045096569969,0.000107045096569969,9.17529399171165e-05,1.52921566528528e-05,9.17529399171165e-05,1.52921566528528e-05,0.00044347254293273,0.00044347254293273
"66",65192,7,100,13,1,0,0,237,65312,"a","t","g","c",0.00153111219990201,0.000107177853993141,0.000306222439980402,0.99969377756002,0.000107177853993141,0.000199044585987261,0.000107177853993141,0.000199044585987261,0.00183733463988241,0.999800955414013
"67",65050,3,72,10,0,0,0,238,65135,"a","a","g","g",0.00110539648422507,0.00110539648422507,0.000199585476318416,0.000199585476318416,4.60581868427113e-05,0.000153527289475704,4.60581868427113e-05,0.000153527289475704,0.00130498196054349,0.00130498196054349
"68",11,51,1,64925,0,0,0,239,64988,"t","t","c","c",0.000784760263433249,0.000784760263433249,0.000184649473749,0.000184649473749,0.00016926201760325,1.538745614575e-05,0.00016926201760325,1.538745614575e-05,0.000969409737182249,0.000969409737182249
"69",64808,6,58,13,19,0,0,240,64885,"a","a","g","g",0.000893889188564383,0.000893889188564383,0.000292825768667643,0.000292825768667643,9.24712953687293e-05,0.000200354473298913,9.24712953687293e-05,0.000200354473298913,0.00118671495723203,0.00118671495723203
"70",64740,4,88,9,0,0,0,241,64841,"a","a","g","g",0.00135716599065406,0.00135716599065406,0.000200490430437532,0.000200490430437532,6.16893632115483e-05,0.000138801067225984,6.16893632115483e-05,0.000138801067225984,0.00155765642109159,0.00155765642109159
"71",64614,6,84,15,0,0,0,242,64719,"a","a","g","g",0.00129791869466463,0.00129791869466463,0.000324479673666157,0.000324479673666157,9.27084781903305e-05,0.000231771195475826,9.27084781903305e-05,0.000231771195475826,0.00162239836833078,0.00162239836833078
"72",41,1,63765,6,1,0,0,243,63813,"g","a","a","g",0.000642502311441242,0.999247802171971,0.000109695516587529,0.000109695516587529,1.56707880839327e-05,9.40247285035964e-05,1.56707880839327e-05,9.40247285035964e-05,0.000752197828028772,0.999357497688559
"73",3,63678,10,33,1,0,0,244,63724,"c","c","t","t",0.000517858263762476,0.000517858263762476,0.000204004770573096,0.000204004770573096,4.70780239784069e-05,0.00015692674659469,4.70780239784069e-05,0.00015692674659469,0.000721863034335572,0.000721863034335572
"74",3,63535,2,38,0,0,0,245,63578,"c","c","t","t",0.000597691025197395,0.000597691025197395,7.86435559470257e-05,7.86435559470257e-05,4.71861335682154e-05,3.14574223788103e-05,4.71861335682154e-05,3.14574223788103e-05,0.000676334581144421,0.000676334581144421
"75",12,84,3,63353,2,0,0,246,63452,"t","c","c","t",0.0013238353400996,0.998439765492026,0.000236399167874929,0.000236399167874929,0.000189119334299943,4.72798335749858e-05,0.000189119334299943,4.72798335749858e-05,0.00156023450797453,0.9986761646599
"76",10,65,2,63375,2,0,0,247,63452,"t","t","c","c",0.00102439639412469,0.00102439639412469,0.000189119334299943,0.000189119334299943,0.000157599445249953,3.15198890499905e-05,0.000157599445249953,3.15198890499905e-05,0.00121351572842464,0.00121351572842464
"77",29,4,63409,11,0,0,0,248,63453,"g","g","a","a",0.000457031188438687,0.000457031188438687,0.000236395442295873,0.000236395442295873,6.30387846122327e-05,0.00017335665768364,6.30387846122327e-05,0.00017335665768364,0.000693426630734559,0.000693426630734559
"78",17,83,1,63062,0,0,0,249,63163,"t","t","c","c",0.00131406044678055,0.00131406044678055,0.000284976964362047,0.000284976964362047,0.000269144910786378,1.58320535756693e-05,0.000269144910786378,1.58320535756693e-05,0.0015990374111426,0.0015990374111426
"79",46,1,62932,5,0,0,0,250,62984,"g","g","a","a",0.000730344214403658,0.000730344214403658,9.52622888352597e-05,9.52622888352597e-05,1.587704813921e-05,7.93852406960498e-05,1.587704813921e-05,7.93852406960498e-05,0.000825606503238918,0.000825606503238918
"80",10,74,0,62626,1,0,0,251,62710,"t","t","c","c",0.00118003508212406,0.00118003508212406,0.000159464200287036,0.000159464200287036,0.000159464200287036,0,0.000159464200287036,0,0.0013394992824111,0.0013394992824111
"81",62329,4,193,9,26,0,0,252,62535,"a","a","g","g",0.0030862716878548,0.0030862716878548,0.000207883585192292,0.000207883585192292,6.39641800591669e-05,0.000143919405133125,6.39641800591669e-05,0.000143919405133125,0.00329415527304709,0.00329415527304709
"82",62341,3,98,14,0,0,0,253,62456,"a","a","g","g",0.00156910464967337,0.00156910464967337,0.000272191622902523,0.000272191622902523,4.80338158063277e-05,0.000224157807096196,4.80338158063277e-05,0.000224157807096196,0.00184129627257589,0.00184129627257589
"83",62232,2,96,7,0,0,0,254,62337,"a","a","g","g",0.00154001636267385,0.00154001636267385,0.000144376534000674,0.000144376534000674,3.20836742223719e-05,0.000112292859778302,3.20836742223719e-05,0.000112292859778302,0.00168439289667453,0.00168439289667453
"84",62070,3,89,12,0,0,0,255,62174,"a","a","g","g",0.00143146652941744,0.00143146652941744,0.0002412584038344,0.0002412584038344,4.825168076688e-05,0.00019300672306752,4.825168076688e-05,0.00019300672306752,0.00167272493325184,0.00167272493325184
"85",4,110,1,61830,0,0,0,256,61945,"t","t","c","c",0.00177576882718541,0.00177576882718541,8.07167648720639e-05,8.07167648720639e-05,6.45734118976511e-05,1.61433529744128e-05,6.45734118976511e-05,1.61433529744128e-05,0.00185648559205747,0.00185648559205747
"86",4,58,2,61682,0,0,0,257,61746,"t","t","c","c",0.000939332102484371,0.000939332102484371,9.71722864639005e-05,9.71722864639005e-05,6.4781524309267e-05,3.23907621546335e-05,6.4781524309267e-05,3.23907621546335e-05,0.00103650438894827,0.00103650438894827
"87",59050,0,51,3,146,0,0,258,59104,"a","g","g","a",0.000862885760693016,0.999086356253384,5.07579859231186e-05,5.07579859231186e-05,0,5.07579859231186e-05,0,5.07579859231186e-05,0.000913643746616134,0.999137114239307
"88",169,118,0,58428,1,0,0,259,58715,"t","a","c","g",0.00200970791109597,0,0.00287831048284084,0.997121689517159,0.00287831048284084,0,0.00287831048284084,0,0.00488801839393681,0.997121689517159
"89",2,58538,0,176,0,0,0,260,58716,"c","c","t","t",0.00299747939232918,0.00299747939232918,3.40622658219225e-05,3.40622658219225e-05,3.40622658219225e-05,0,3.40622658219225e-05,0,0.0030315416581511,0.0030315416581511
"90",11,58629,0,76,0,0,0,261,58716,"c","c","t","t",0.00129436610123305,0.00129436610123305,0.000187342462020574,0.000187342462020574,0.000187342462020574,0,0.000187342462020574,0,0.00148170856325363,0.00148170856325363
"91",14,58653,1,47,0,0,0,262,58715,"c","c","t","t",0.000800476879843311,0.000800476879843311,0.000255471344630844,0.000255471344630844,0.000238439921655454,1.70314229753896e-05,0.000238439921655454,1.70314229753896e-05,0.00105594822447415,0.00105594822447415
"92",5,58677,0,33,0,0,0,263,58715,"c","c","t","t",0.000562036958187857,0.000562036958187857,8.5157114876948e-05,8.5157114876948e-05,8.5157114876948e-05,0,8.5157114876948e-05,0,0.000647194073064805,0.000647194073064805
"93",58219,8,42,13,0,0,0,264,58282,"a","c","g","t",0.000720634158059092,0.000223053429875433,0.000360317079029546,0.99963968292097,0.000137263649154113,0.000223053429875433,0.000137263649154113,0.000223053429875433,0.00108095123708864,0.999862736350846
"94",6,54,1,58219,0,0,0,265,58280,"t","t","c","c",0.00092656142759094,0.00092656142759094,0.000120109814687714,0.000120109814687714,0.000102951269732327,1.71585449553878e-05,0.000102951269732327,1.71585449553878e-05,0.00104667124227865,0.00104667124227865
"95",8,32,3,58237,0,0,0,266,58280,"t","t","c","c",0.000549073438572409,0.000549073438572409,0.000188743994509266,0.000188743994509266,0.000137268359643102,5.14756348661633e-05,0.000137268359643102,5.14756348661633e-05,0.000737817433081675,0.000737817433081675
"96",58231,0,43,6,0,0,0,267,58280,"a","a","g","g",0.000737817433081675,0.000737817433081675,0.000102951269732327,0.000102951269732327,0,0.000102951269732327,0,0.000102951269732327,0.000840768702814001,0.000840768702814001
"97",10,82,1,58187,0,0,0,268,58280,"t","t","c","c",0.0014070006863418,0.0014070006863418,0.000188743994509266,0.000188743994509266,0.000171585449553878,1.71585449553878e-05,0.000171585449553878,1.71585449553878e-05,0.00159574468085106,0.00159574468085106
"98",46,1,57282,5,0,0,0,269,57334,"g","g","a","a",0.000802316252136603,0.000802316252136603,0.000104649945930861,0.000104649945930861,1.74416576551435e-05,8.72082882757177e-05,1.74416576551435e-05,8.72082882757177e-05,0.000906966198067464,0.000906966198067464
"99",6,56846,0,29,0,0,0,270,56881,"c","c","t","t",0.000509836324959125,0.000509836324959125,0.00010548337757775,0.00010548337757775,0.00010548337757775,0,0.00010548337757775,0,0.000615319702536875,0.000615319702536875
"100",56507,4,65,15,0,0,0,271,56591,"a","a","g","g",0.00114859253238147,0.00114859253238147,0.000335742432542277,0.000335742432542277,7.06826173773215e-05,0.000265059815164956,7.06826173773215e-05,0.000265059815164956,0.00148433496492375,0.00148433496492375
"101",3,66,3,56224,7,0,0,272,56296,"t","t","c","c",0.00117237459144522,0.00117237459144522,0.000106579508313202,0.000106579508313202,5.32897541566008e-05,5.32897541566008e-05,5.32897541566008e-05,5.32897541566008e-05,0.00127895409975842,0.00127895409975842
"102",10,81,0,55852,0,0,0,273,55943,"t","t","c","c",0.00144790232915646,0.00144790232915646,0.000178753373969934,0.000178753373969934,0.000178753373969934,0,0.000178753373969934,0,0.0016266557031264,0.0016266557031264
"103",55281,4,45,13,0,0,0,274,55343,"a","a","g","g",0.000813110962542688,0.000813110962542688,0.000307175252516127,0.000307175252516127,7.22765300037945e-05,0.000234898722512332,7.22765300037945e-05,0.000234898722512332,0.00112028621505882,0.00112028621505882
"104",4,54783,2,51,0,0,0,275,54840,"c","c","t","t",0.000929978118161926,0.000929978118161926,0.000109409190371991,0.000109409190371991,7.29394602479942e-05,3.64697301239971e-05,7.29394602479942e-05,3.64697301239971e-05,0.00103938730853392,0.00103938730853392
"105",12,42,0,53996,1,0,0,276,54050,"t","c","c","t",0.000777058279370953,0.99900092506938,0.000222016651248844,0.000222016651248844,0.000222016651248844,0,0.000222016651248844,0,0.000999074930619796,0.999222941720629
"106",53377,1,33,10,1,0,0,277,53421,"a","a","g","g",0.000617734598753299,0.000617734598753299,0.000205911532917766,0.000205911532917766,1.87192302652515e-05,0.000187192302652515,1.87192302652515e-05,0.000187192302652515,0.000823646131671066,0.000823646131671066
"107",7,47,1,52648,0,0,0,278,52703,"t","t","c","c",0.000891789841185511,0.000891789841185511,0.000151794015520938,0.000151794015520938,0.000132819763580821,1.89742519401173e-05,0.000132819763580821,1.89742519401173e-05,0.00104358385670645,0.00104358385670645
"108",25,0,50944,1,0,0,0,279,50970,"g","g","a","a",0.000490484598783598,0.000490484598783598,1.96193839513439e-05,1.96193839513439e-05,0,1.96193839513439e-05,0,1.96193839513439e-05,0.000510103982734942,0.000510103982734942
"109",50136,0,104,12,0,0,0,280,50252,"a","a","g","g",0.00206956937037332,0.00206956937037332,0.000238796465812306,0.000238796465812306,0,0.000238796465812306,0,0.000238796465812306,0.00230836583618562,0.00230836583618562
"110",5779,0,42779,7,2,0,0,281,48565,"g","g","a","a",0.118995161124266,0.118995161124266,0.000144136723978174,0.000144136723978174,0,0.000144136723978174,0,0.000144136723978174,0.119139297848245,0.119139297848245
"111",47857,1,54,8,0,0,0,282,47920,"a","a","g","g",0.00112687813021703,0.00112687813021703,0.000187813021702838,0.000187813021702838,2.08681135225376e-05,0.000166944908180301,2.08681135225376e-05,0.000166944908180301,0.00131469115191987,0.00131469115191987
"112",9,62,0,47231,0,0,0,283,47302,"t","t","c","c",0.00131072681916198,0.00131072681916198,0.000190266796329965,0.000190266796329965,0.000190266796329965,0,0.000190266796329965,0,0.00150099361549195,0.00150099361549195
"113",26,0,46484,10,0,0,0,284,46520,"g","g","a","a",0.000558899398108341,0.000558899398108341,0.000214961306964746,0.000214961306964746,0,0.000214961306964746,0,0.000214961306964746,0.000773860705073087,0.000773860705073087
"114",4,46091,2,27,0,0,0,285,46124,"c","c","t","t",0.000585378544792299,0.000585378544792299,0.000130084121064955,0.000130084121064955,8.67227473766369e-05,4.33613736883184e-05,8.67227473766369e-05,4.33613736883184e-05,0.000715462665857254,0.000715462665857254
"115",45938,0,9,2,0,0,0,286,45949,"a","a","g","g",0.000195869333391369,0.000195869333391369,4.35265185314153e-05,4.35265185314153e-05,0,4.35265185314153e-05,0,4.35265185314153e-05,0.000239395851922784,0.000239395851922784
"116",45554,0,2,1,0,0,0,287,45557,"a","a","g","g",4.39010470399719e-05,4.39010470399719e-05,2.1950523519986e-05,2.1950523519986e-05,0,2.1950523519986e-05,0,2.1950523519986e-05,6.58515705599579e-05,6.58515705599579e-05
"117",0,0,0,44709,0,0,0,288,44709,"t","t","c","c",0,0,0,0,0,0,0,0,0,0
"118",44561,0,1,0,0,0,0,289,44562,"a","a","g","g",2.24406444953099e-05,2.24406444953099e-05,0,0,0,0,0,0,2.24406444953099e-05,2.24406444953099e-05
"119",44293,0,1,0,0,0,0,290,44294,"a","a","g","g",2.25764211857136e-05,2.25764211857136e-05,0,0,0,0,0,0,2.25764211857136e-05,2.25764211857136e-05
"120",4575,0,260,6,0,0,0,291,4841,"a","g","g","a",0.0537079115885148,0.945052675067135,0.00123941334435034,0.00123941334435034,0,0.00123941334435034,0,0.00123941334435034,0.0549473249328651,0.946292088411485
"121",4349,0,0,0,0,0,0,292,4349,"a","a","g","g",0,0,0,0,0,0,0,0,0,0
"122",0,190,1646,0,0,0,0,293,1836,"g","c","a","t",0,0,0.103485838779956,0.896514161220044,0.103485838779956,0,0.103485838779956,0,0.103485838779956,0.896514161220044
"123",197,1,0,1638,0,0,0,294,1836,"t","a","c","g",0.000544662309368192,0,0.107298474945534,0.892701525054466,0.107298474945534,0,0.107298474945534,0,0.107843137254902,0.892701525054466
"124",0,0,1836,0,0,0,0,295,1836,"g","g","a","a",0,0,0,0,0,0,0,0,0,0
"125",1836,0,0,0,0,0,0,296,1836,"a","a","g","g",0,0,0,0,0,0,0,0,0,0
"126",8,0,1634,194,0,0,0,297,1836,"g","t","a","c",0.00435729847494553,0,0.105664488017429,0.894335511982571,0,0.105664488017429,0,0.105664488017429,0.110021786492375,0.894335511982571
"127",1836,0,0,0,0,0,0,298,1836,"a","a","g","g",0,0,0,0,0,0,0,0,0,0
"128",0,1646,0,0,0,0,0,299,1646,"c","c","t","t",0,0,0,0,0,0,0,0,0,0
"129",1646,0,0,0,0,0,0,300,1646,"a","a","g","g",0,0,0,0,0,0,0,0,0,0
"130",0,0,1646,0,0,0,0,301,1646,"g","g","a","a",0,0,0,0,0,0,0,0,0,0
"131",1645,0,0,0,0,0,0,302,1645,"a","a","g","g",0,0,0,0,0,0,0,0,0,0
"132",0,0,0,1644,0,0,0,303,1644,"t","t","c","c",0,0,0,0,0,0,0,0,0,0
"133",1644,0,0,0,0,0,0,304,1644,"a","a","g","g",0,0,0,0,0,0,0,0,0,0
"134",1610,0,34,0,0,0,0,305,1644,"a","g","g","a",0.0206812652068127,0.979318734793187,0,0,0,0,0,0,0.0206812652068127,0.979318734793187
"135",1644,0,0,0,0,0,0,306,1644,"a","a","g","g",0,0,0,0,0,0,0,0,0,0
"136",0,0,0,1641,0,0,0,307,1641,"t","t","c","c",0,0,0,0,0,0,0,0,0,0
"137",0,0,1641,0,0,0,0,308,1641,"g","g","a","a",0,0,0,0,0,0,0,0,0,0
"138",0,0,1637,0,0,0,0,309,1637,"g","g","a","a",0,0,0,0,0,0,0,0,0,0
"139",0,0,1634,0,0,0,0,310,1634,"g","g","a","a",0,0,0,0,0,0,0,0,0,0
"140",0,0,1629,0,0,0,0,311,1629,"g","g","a","a",0,0,0,0,0,0,0,0,0,0
"141",3,0,2,0,0,0,0,312,5,"a","g","g","a",0.4,0.6,0,0,0,0,0,0,0.4,0.6
"142",0,0,0,5,0,0,0,313,5,"t","t","c","c",0,0,0,0,0,0,0,0,0,0
"143",0,0,0,4,0,0,0,314,4,"t","t","c","c",0,0,0,0,0,0,0,0,0,0
"144",0,0,1,0,0,0,0,315,1,"g","a","a","g",0,1,0,0,0,0,0,0,0,1
"145",1,0,0,0,0,0,0,316,1,"a","a","g","g",0,0,0,0,0,0,0,0,0,0
"146",0,1,0,0,0,0,0,317,1,"c","c","t","t",0,0,0,0,0,0,0,0,0,0
"147",NA,NA,NA,NA,NA,NA,NA,318,NA,NA,"a",NA,"g",NA,NA,NA,NA,NA,NA,NA,NA,NA,NA
"148",NA,NA,NA,NA,NA,NA,NA,319,NA,NA,"g",NA,"a",NA,NA,NA,NA,NA,NA,NA,NA,NA,NA
"149",NA,NA,NA,NA,NA,NA,NA,320,NA,NA,"g",NA,"a",NA,NA,NA,NA,NA,NA,NA,NA,NA,NA
"150",NA,NA,NA,NA,NA,NA,NA,321,NA,NA,"g",NA,"a",NA,NA,NA,NA,NA,NA,NA,NA,NA,NA
"151",NA,NA,NA,NA,NA,NA,NA,322,NA,NA,"a",NA,"g",NA,NA,NA,NA,NA,NA,NA,NA,NA,NA
"152",NA,NA,NA,NA,NA,NA,NA,323,NA,NA,"a",NA,"g",NA,NA,NA,NA,NA,NA,NA,NA,NA,NA
"153",NA,NA,NA,NA,NA,NA,NA,324,NA,NA,"t",NA,"c",NA,NA,NA,NA,NA,NA,NA,NA,NA,NA
"154",NA,NA,NA,NA,NA,NA,NA,325,NA,NA,"g",NA,"a",NA,NA,NA,NA,NA,NA,NA,NA,NA,NA
"155",NA,NA,NA,NA,NA,NA,NA,326,NA,NA,"t",NA,"c",NA,NA,NA,NA,NA,NA,NA,NA,NA,NA
"156",NA,NA,NA,NA,NA,NA,NA,327,NA,NA,"a",NA,"g",NA,NA,NA,NA,NA,NA,NA,NA,NA,NA
"157",NA,NA,NA,NA,NA,NA,NA,328,NA,NA,"c",NA,"t",NA,NA,NA,NA,NA,NA,NA,NA,NA,NA
"158",NA,NA,NA,NA,NA,NA,NA,329,NA,NA,"c",NA,"t",NA,NA,NA,NA,NA,NA,NA,NA,NA,NA
"159",NA,NA,NA,NA,NA,NA,NA,330,NA,NA,"a",NA,"g",NA,NA,NA,NA,NA,NA,NA,NA,NA,NA
"160",NA,NA,NA,NA,NA,NA,NA,331,NA,NA,"a",NA,"g",NA,NA,NA,NA,NA,NA,NA,NA,NA,NA
"161",NA,NA,NA,NA,NA,NA,NA,332,NA,NA,"c",NA,"t",NA,NA,NA,NA,NA,NA,NA,NA,NA,NA
"162",NA,NA,NA,NA,NA,NA,NA,333,NA,NA,"a",NA,"g",NA,NA,NA,NA,NA,NA,NA,NA,NA,NA
"163",NA,NA,NA,NA,NA,NA,NA,334,NA,NA,"a",NA,"g",NA,NA,NA,NA,NA,NA,NA,NA,NA,NA
"164",NA,NA,NA,NA,NA,NA,NA,335,NA,NA,"c",NA,"t",NA,NA,NA,NA,NA,NA,NA,NA,NA,NA
"165",NA,NA,NA,NA,NA,NA,NA,336,NA,NA,"a",NA,"g",NA,NA,NA,NA,NA,NA,NA,NA,NA,NA
"166",NA,NA,NA,NA,NA,NA,NA,337,NA,NA,"a",NA,"g",NA,NA,NA,NA,NA,NA,NA,NA,NA,NA
"167",NA,NA,NA,NA,NA,NA,NA,338,NA,NA,"c",NA,"t",NA,NA,NA,NA,NA,NA,NA,NA,NA,NA
"168",NA,NA,NA,NA,NA,NA,NA,339,NA,NA,"a",NA,"g",NA,NA,NA,NA,NA,NA,NA,NA,NA,NA
"169",NA,NA,NA,NA,NA,NA,NA,340,NA,NA,"g",NA,"a",NA,NA,NA,NA,NA,NA,NA,NA,NA,NA
"170",NA,NA,NA,NA,NA,NA,NA,341,NA,NA,"c",NA,"t",NA,NA,NA,NA,NA,NA,NA,NA,NA,NA
"171",NA,NA,NA,NA,NA,NA,NA,342,NA,NA,"a",NA,"g",NA,NA,NA,NA,NA,NA,NA,NA,NA,NA
"172",NA,NA,NA,NA,NA,NA,NA,343,NA,NA,"a",NA,"g",NA,NA,NA,NA,NA,NA,NA,NA,NA,NA
"173",NA,NA,NA,NA,NA,NA,NA,344,NA,NA,"c",NA,"t",NA,NA,NA,NA,NA,NA,NA,NA,NA,NA
"174",NA,NA,NA,NA,NA,NA,NA,345,NA,NA,"a",NA,"g",NA,NA,NA,NA,NA,NA,NA,NA,NA,NA
"175",NA,NA,NA,NA,NA,NA,NA,346,NA,NA,"a",NA,"g",NA,NA,NA,NA,NA,NA,NA,NA,NA,NA
"176",NA,NA,NA,NA,NA,NA,NA,347,NA,NA,"c",NA,"t",NA,NA,NA,NA,NA,NA,NA,NA,NA,NA
"177",NA,NA,NA,NA,NA,NA,NA,348,NA,NA,"a",NA,"g",NA,NA,NA,NA,NA,NA,NA,NA,NA,NA
"178",NA,NA,NA,NA,NA,NA,NA,349,NA,NA,"t",NA,"c",NA,NA,NA,NA,NA,NA,NA,NA,NA,NA
"179",NA,NA,NA,NA,NA,NA,NA,350,NA,NA,"c",NA,"t",NA,NA,NA,NA,NA,NA,NA,NA,NA,NA
"180",NA,NA,NA,NA,NA,NA,NA,351,NA,NA,"a",NA,"g",NA,NA,NA,NA,NA,NA,NA,NA,NA,NA
"181",NA,NA,NA,NA,NA,NA,NA,352,NA,NA,"a",NA,"g",NA,NA,NA,NA,NA,NA,NA,NA,NA,NA
"182",NA,NA,NA,NA,NA,NA,NA,353,NA,NA,"c",NA,"t",NA,NA,NA,NA,NA,NA,NA,NA,NA,NA
"183",NA,NA,NA,NA,NA,NA,NA,354,NA,NA,"a",NA,"g",NA,NA,NA,NA,NA,NA,NA,NA,NA,NA
"184",NA,NA,NA,NA,NA,NA,NA,355,NA,NA,"a",NA,"g",NA,NA,NA,NA,NA,NA,NA,NA,NA,NA
"185",NA,NA,NA,NA,NA,NA,NA,356,NA,NA,"c",NA,"t",NA,NA,NA,NA,NA,NA,NA,NA,NA,NA
"186",NA,NA,NA,NA,NA,NA,NA,357,NA,NA,"a",NA,"g",NA,NA,NA,NA,NA,NA,NA,NA,NA,NA
"187",NA,NA,NA,NA,NA,NA,NA,358,NA,NA,"a",NA,"g",NA,NA,NA,NA,NA,NA,NA,NA,NA,NA
"188",NA,NA,NA,NA,NA,NA,NA,359,NA,NA,"c",NA,"t",NA,NA,NA,NA,NA,NA,NA,NA,NA,NA
"189",NA,NA,NA,NA,NA,NA,NA,360,NA,NA,"a",NA,"g",NA,NA,NA,NA,NA,NA,NA,NA,NA,NA
"190",NA,NA,NA,NA,NA,NA,NA,361,NA,NA,"c",NA,"t",NA,NA,NA,NA,NA,NA,NA,NA,NA,NA
"191",NA,NA,NA,NA,NA,NA,NA,362,NA,NA,"c",NA,"t",NA,NA,NA,NA,NA,NA,NA,NA,NA,NA
"192",NA,NA,NA,NA,NA,NA,NA,363,NA,NA,"a",NA,"g",NA,NA,NA,NA,NA,NA,NA,NA,NA,NA
"193",NA,NA,NA,NA,NA,NA,NA,364,NA,NA,"a",NA,"g",NA,NA,NA,NA,NA,NA,NA,NA,NA,NA
"194",NA,NA,NA,NA,NA,NA,NA,365,NA,NA,"a",NA,"g",NA,NA,NA,NA,NA,NA,NA,NA,NA,NA
"195",NA,NA,NA,NA,NA,NA,NA,366,NA,NA,"a",NA,"g",NA,NA,NA,NA,NA,NA,NA,NA,NA,NA
"196",NA,NA,NA,NA,NA,NA,NA,367,NA,NA,"g",NA,"a",NA,NA,NA,NA,NA,NA,NA,NA,NA,NA
"197",NA,NA,NA,NA,NA,NA,NA,368,NA,NA,"a",NA,"g",NA,NA,NA,NA,NA,NA,NA,NA,NA,NA
"198",NA,NA,NA,NA,NA,NA,NA,369,NA,NA,"a",NA,"g",NA,NA,NA,NA,NA,NA,NA,NA,NA,NA
"199",NA,NA,NA,NA,NA,NA,NA,370,NA,NA,"a",NA,"g",NA,NA,NA,NA,NA,NA,NA,NA,NA,NA
"200",NA,NA,NA,NA,NA,NA,NA,371,NA,NA,"c",NA,"t",NA,NA,NA,NA,NA,NA,NA,NA,NA,NA
"201",NA,NA,NA,NA,NA,NA,NA,372,NA,NA,"a",NA,"g",NA,NA,NA,NA,NA,NA,NA,NA,NA,NA
"202",NA,NA,NA,NA,NA,NA,NA,373,NA,NA,"a",NA,"g",NA,NA,NA,NA,NA,NA,NA,NA,NA,NA
"203",NA,NA,NA,NA,NA,NA,NA,374,NA,NA,"a",NA,"g",NA,NA,NA,NA,NA,NA,NA,NA,NA,NA
"204",NA,NA,NA,NA,NA,NA,NA,375,NA,NA,"t",NA,"c",NA,NA,NA,NA,NA,NA,NA,NA,NA,NA
"205",NA,NA,NA,NA,NA,NA,NA,376,NA,NA,"g",NA,"a",NA,NA,NA,NA,NA,NA,NA,NA,NA,NA
"206",NA,NA,NA,NA,NA,NA,NA,377,NA,NA,"t",NA,"c",NA,NA,NA,NA,NA,NA,NA,NA,NA,NA
"207",NA,NA,NA,NA,NA,NA,NA,378,NA,NA,"t",NA,"c",NA,NA,NA,NA,NA,NA,NA,NA,NA,NA
"208",NA,NA,NA,NA,NA,NA,NA,379,NA,NA,"g",NA,"a",NA,NA,NA,NA,NA,NA,NA,NA,NA,NA
"209",NA,NA,NA,NA,NA,NA,NA,380,NA,NA,"t",NA,"c",NA,NA,NA,NA,NA,NA,NA,NA,NA,NA
"210",NA,NA,NA,NA,NA,NA,NA,381,NA,NA,"a",NA,"g",NA,NA,NA,NA,NA,NA,NA,NA,NA,NA
"211",NA,NA,NA,NA,NA,NA,NA,382,NA,NA,"a",NA,"g",NA,NA,NA,NA,NA,NA,NA,NA,NA,NA
"212",NA,NA,NA,NA,NA,NA,NA,383,NA,NA,"a",NA,"g",NA,NA,NA,NA,NA,NA,NA,NA,NA,NA
"213",NA,NA,NA,NA,NA,NA,NA,384,NA,NA,"t",NA,"c",NA,NA,NA,NA,NA,NA,NA,NA,NA,NA
"214",NA,NA,NA,NA,NA,NA,NA,385,NA,NA,"g",NA,"a",NA,NA,NA,NA,NA,NA,NA,NA,NA,NA
"215",NA,NA,NA,NA,NA,NA,NA,386,NA,NA,"a",NA,"g",NA,NA,NA,NA,NA,NA,NA,NA,NA,NA
"216",NA,NA,NA,NA,NA,NA,NA,387,NA,NA,"a",NA,"g",NA,NA,NA,NA,NA,NA,NA,NA,NA,NA
"217",NA,NA,NA,NA,NA,NA,NA,388,NA,NA,"a",NA,"g",NA,NA,NA,NA,NA,NA,NA,NA,NA,NA
"218",NA,NA,NA,NA,NA,NA,NA,389,NA,NA,"c",NA,"t",NA,NA,NA,NA,NA,NA,NA,NA,NA,NA
"219",NA,NA,NA,NA,NA,NA,NA,390,NA,NA,"t",NA,"c",NA,NA,NA,NA,NA,NA,NA,NA,NA,NA
"220",NA,NA,NA,NA,NA,NA,NA,391,NA,NA,"a",NA,"g",NA,NA,NA,NA,NA,NA,NA,NA,NA,NA
"221",NA,NA,NA,NA,NA,NA,NA,392,NA,NA,"g",NA,"a",NA,NA,NA,NA,NA,NA,NA,NA,NA,NA
"222",NA,NA,NA,NA,NA,NA,NA,393,NA,NA,"t",NA,"c",NA,NA,NA,NA,NA,NA,NA,NA,NA,NA
"223",NA,NA,NA,NA,NA,NA,NA,394,NA,NA,"t",NA,"c",NA,NA,NA,NA,NA,NA,NA,NA,NA,NA
"224",NA,NA,NA,NA,NA,NA,NA,395,NA,NA,"c",NA,"t",NA,NA,NA,NA,NA,NA,NA,NA,NA,NA
"225",NA,NA,NA,NA,NA,NA,NA,396,NA,NA,"t",NA,"c",NA,NA,NA,NA,NA,NA,NA,NA,NA,NA
"226",NA,NA,NA,NA,NA,NA,NA,397,NA,NA,"t",NA,"c",NA,NA,NA,NA,NA,NA,NA,NA,NA,NA
"227",NA,NA,NA,NA,NA,NA,NA,398,NA,NA,"g",NA,"a",NA,NA,NA,NA,NA,NA,NA,NA,NA,NA
"228",NA,NA,NA,NA,NA,NA,NA,399,NA,NA,"t",NA,"c",NA,NA,NA,NA,NA,NA,NA,NA,NA,NA
"229",NA,NA,NA,NA,NA,NA,NA,400,NA,NA,"g",NA,"a",NA,NA,NA,NA,NA,NA,NA,NA,NA,NA
"230",NA,NA,NA,NA,NA,NA,NA,401,NA,NA,"t",NA,"c",NA,NA,NA,NA,NA,NA,NA,NA,NA,NA
"231",NA,NA,NA,NA,NA,NA,NA,402,NA,NA,"a",NA,"g",NA,NA,NA,NA,NA,NA,NA,NA,NA,NA
"232",NA,NA,NA,NA,NA,NA,NA,403,NA,NA,"a",NA,"g",NA,NA,NA,NA,NA,NA,NA,NA,NA,NA
"233",NA,NA,NA,NA,NA,NA,NA,404,NA,NA,"a",NA,"g",NA,NA,NA,NA,NA,NA,NA,NA,NA,NA
"234",NA,NA,NA,NA,NA,NA,NA,405,NA,NA,"a",NA,"g",NA,NA,NA,NA,NA,NA,NA,NA,NA,NA
"235",NA,NA,NA,NA,NA,NA,NA,406,NA,NA,"a",NA,"g",NA,NA,NA,NA,NA,NA,NA,NA,NA,NA
"236",NA,NA,NA,NA,NA,NA,NA,407,NA,NA,"a",NA,"g",NA,NA,NA,NA,NA,NA,NA,NA,NA,NA
"237",NA,NA,NA,NA,NA,NA,NA,408,NA,NA,"c",NA,"t",NA,NA,NA,NA,NA,NA,NA,NA,NA,NA
"238",NA,NA,NA,NA,NA,NA,NA,409,NA,NA,"a",NA,"g",NA,NA,NA,NA,NA,NA,NA,NA,NA,NA
"239",NA,NA,NA,NA,NA,NA,NA,410,NA,NA,"a",NA,"g",NA,NA,NA,NA,NA,NA,NA,NA,NA,NA
"240",NA,NA,NA,NA,NA,NA,NA,411,NA,NA,"t",NA,"c",NA,NA,NA,NA,NA,NA,NA,NA,NA,NA
"241",NA,NA,NA,NA,NA,NA,NA,412,NA,NA,"a",NA,"g",NA,NA,NA,NA,NA,NA,NA,NA,NA,NA
"242",NA,NA,NA,NA,NA,NA,NA,413,NA,NA,"a",NA,"g",NA,NA,NA,NA,NA,NA,NA,NA,NA,NA
"243",NA,NA,NA,NA,NA,NA,NA,414,NA,NA,"t",NA,"c",NA,NA,NA,NA,NA,NA,NA,NA,NA,NA
"244",NA,NA,NA,NA,NA,NA,NA,415,NA,NA,"t",NA,"c",NA,NA,NA,NA,NA,NA,NA,NA,NA,NA
"245",NA,NA,NA,NA,NA,NA,NA,416,NA,NA,"g",NA,"a",NA,NA,NA,NA,NA,NA,NA,NA,NA,NA
"246",NA,NA,NA,NA,NA,NA,NA,417,NA,NA,"t",NA,"c",NA,NA,NA,NA,NA,NA,NA,NA,NA,NA
"247",NA,NA,NA,NA,NA,NA,NA,418,NA,NA,"a",NA,"g",NA,NA,NA,NA,NA,NA,NA,NA,NA,NA
"248",NA,NA,NA,NA,NA,NA,NA,419,NA,NA,"c",NA,"t",NA,NA,NA,NA,NA,NA,NA,NA,NA,NA
"249",NA,NA,NA,NA,NA,NA,NA,420,NA,NA,"a",NA,"g",NA,NA,NA,NA,NA,NA,NA,NA,NA,NA
"250",NA,NA,NA,NA,NA,NA,NA,421,NA,NA,"g",NA,"a",NA,NA,NA,NA,NA,NA,NA,NA,NA,NA
"251",NA,NA,NA,NA,NA,NA,NA,422,NA,NA,"g",NA,"a",NA,NA,NA,NA,NA,NA,NA,NA,NA,NA
"252",NA,NA,NA,NA,NA,NA,NA,423,NA,NA,"c",NA,"t",NA,NA,NA,NA,NA,NA,NA,NA,NA,NA
"253",NA,NA,NA,NA,NA,NA,NA,424,NA,NA,"t",NA,"c",NA,NA,NA,NA,NA,NA,NA,NA,NA,NA
"254",NA,NA,NA,NA,NA,NA,NA,425,NA,NA,"t",NA,"c",NA,NA,NA,NA,NA,NA,NA,NA,NA,NA
"255",NA,NA,NA,NA,NA,NA,NA,426,NA,NA,"a",NA,"g",NA,NA,NA,NA,NA,NA,NA,NA,NA,NA
"256",NA,NA,NA,NA,NA,NA,NA,427,NA,NA,"g",NA,"a",NA,NA,NA,NA,NA,NA,NA,NA,NA,NA
"257",NA,NA,NA,NA,NA,NA,NA,428,NA,NA,"a",NA,"g",NA,NA,NA,NA,NA,NA,NA,NA,NA,NA
"258",NA,NA,NA,NA,NA,NA,NA,429,NA,NA,"g",NA,"a",NA,NA,NA,NA,NA,NA,NA,NA,NA,NA
"259",NA,NA,NA,NA,NA,NA,NA,430,NA,NA,"c",NA,"t",NA,NA,NA,NA,NA,NA,NA,NA,NA,NA
"260",NA,NA,NA,NA,NA,NA,NA,431,NA,NA,"c",NA,"t",NA,NA,NA,NA,NA,NA,NA,NA,NA,NA
"261",NA,NA,NA,NA,NA,NA,NA,432,NA,NA,"g",NA,"a",NA,NA,NA,NA,NA,NA,NA,NA,NA,NA
"262",NA,NA,NA,NA,NA,NA,NA,433,NA,NA,"g",NA,"a",NA,NA,NA,NA,NA,NA,NA,NA,NA,NA
"263",NA,NA,NA,NA,NA,NA,NA,434,NA,NA,"a",NA,"g",NA,NA,NA,NA,NA,NA,NA,NA,NA,NA
"264",NA,NA,NA,NA,NA,NA,NA,435,NA,NA,"a",NA,"g",NA,NA,NA,NA,NA,NA,NA,NA,NA,NA
"265",NA,NA,NA,NA,NA,NA,NA,436,NA,NA,"c",NA,"t",NA,NA,NA,NA,NA,NA,NA,NA,NA,NA
"266",NA,NA,NA,NA,NA,NA,NA,437,NA,NA,"c",NA,"t",NA,NA,NA,NA,NA,NA,NA,NA,NA,NA
"267",NA,NA,NA,NA,NA,NA,NA,438,NA,NA,"a",NA,"g",NA,NA,NA,NA,NA,NA,NA,NA,NA,NA
"268",NA,NA,NA,NA,NA,NA,NA,439,NA,NA,"a",NA,"g",NA,NA,NA,NA,NA,NA,NA,NA,NA,NA
"269",NA,NA,NA,NA,NA,NA,NA,440,NA,NA,"t",NA,"c",NA,NA,NA,NA,NA,NA,NA,NA,NA,NA
"270",NA,NA,NA,NA,NA,NA,NA,441,NA,NA,"g",NA,"a",NA,NA,NA,NA,NA,NA,NA,NA,NA,NA
"271",NA,NA,NA,NA,NA,NA,NA,442,NA,NA,"g",NA,"a",NA,NA,NA,NA,NA,NA,NA,NA,NA,NA
"272",NA,NA,NA,NA,NA,NA,NA,443,NA,NA,"t",NA,"c",NA,NA,NA,NA,NA,NA,NA,NA,NA,NA
"273",NA,NA,NA,NA,NA,NA,NA,444,NA,NA,"a",NA,"g",NA,NA,NA,NA,NA,NA,NA,NA,NA,NA
"274",NA,NA,NA,NA,NA,NA,NA,445,NA,NA,"a",NA,"g",NA,NA,NA,NA,NA,NA,NA,NA,NA,NA
"275",NA,NA,NA,NA,NA,NA,NA,446,NA,NA,"g",NA,"a",NA,NA,NA,NA,NA,NA,NA,NA,NA,NA
"276",NA,NA,NA,NA,NA,NA,NA,447,NA,NA,"c",NA,"t",NA,NA,NA,NA,NA,NA,NA,NA,NA,NA
"277",NA,NA,NA,NA,NA,NA,NA,448,NA,NA,"t",NA,"c",NA,NA,NA,NA,NA,NA,NA,NA,NA,NA
"278",NA,NA,NA,NA,NA,NA,NA,449,NA,NA,"g",NA,"a",NA,NA,NA,NA,NA,NA,NA,NA,NA,NA
"279",NA,NA,NA,NA,NA,NA,NA,450,NA,NA,"t",NA,"c",NA,NA,NA,NA,NA,NA,NA,NA,NA,NA
"280",NA,NA,NA,NA,NA,NA,NA,451,NA,NA,"a",NA,"g",NA,NA,NA,NA,NA,NA,NA,NA,NA,NA
"281",NA,NA,NA,NA,NA,NA,NA,452,NA,NA,"a",NA,"g",NA,NA,NA,NA,NA,NA,NA,NA,NA,NA
"282",NA,NA,NA,NA,NA,NA,NA,453,NA,NA,"a",NA,"g",NA,NA,NA,NA,NA,NA,NA,NA,NA,NA
"283",NA,NA,NA,NA,NA,NA,NA,454,NA,NA,"t",NA,"c",NA,NA,NA,NA,NA,NA,NA,NA,NA,NA
"284",NA,NA,NA,NA,NA,NA,NA,455,NA,NA,"t",NA,"c",NA,NA,NA,NA,NA,NA,NA,NA,NA,NA
"285",NA,NA,NA,NA,NA,NA,NA,456,NA,NA,"t",NA,"c",NA,NA,NA,NA,NA,NA,NA,NA,NA,NA
"286",NA,NA,NA,NA,NA,NA,NA,457,NA,NA,"a",NA,"g",NA,NA,NA,NA,NA,NA,NA,NA,NA,NA
"287",NA,NA,NA,NA,NA,NA,NA,458,NA,NA,"a",NA,"g",NA,NA,NA,NA,NA,NA,NA,NA,NA,NA
"288",NA,NA,NA,NA,NA,NA,NA,459,NA,NA,"c",NA,"t",NA,NA,NA,NA,NA,NA,NA,NA,NA,NA
"289",NA,NA,NA,NA,NA,NA,NA,460,NA,NA,"a",NA,"g",NA,NA,NA,NA,NA,NA,NA,NA,NA,NA
"290",NA,NA,NA,NA,NA,NA,NA,461,NA,NA,"t",NA,"c",NA,NA,NA,NA,NA,NA,NA,NA,NA,NA
"291",NA,NA,NA,NA,NA,NA,NA,462,NA,NA,"g",NA,"a",NA,NA,NA,NA,NA,NA,NA,NA,NA,NA
"292",NA,NA,NA,NA,NA,NA,NA,463,NA,NA,"a",NA,"g",NA,NA,NA,NA,NA,NA,NA,NA,NA,NA
"293",NA,NA,NA,NA,NA,NA,NA,464,NA,NA,"c",NA,"t",NA,NA,NA,NA,NA,NA,NA,NA,NA,NA
"294",NA,NA,NA,NA,NA,NA,NA,465,NA,NA,"t",NA,"c",NA,NA,NA,NA,NA,NA,NA,NA,NA,NA
"295",NA,NA,NA,NA,NA,NA,NA,466,NA,NA,"g",NA,"a",NA,NA,NA,NA,NA,NA,NA,NA,NA,NA
"296",NA,NA,NA,NA,NA,NA,NA,467,NA,NA,"g",NA,"a",NA,NA,NA,NA,NA,NA,NA,NA,NA,NA
"297",NA,NA,NA,NA,NA,NA,NA,468,NA,NA,"g",NA,"a",NA,NA,NA,NA,NA,NA,NA,NA,NA,NA
"298",NA,NA,NA,NA,NA,NA,NA,469,NA,NA,"t",NA,"c",NA,NA,NA,NA,NA,NA,NA,NA,NA,NA
"299",NA,NA,NA,NA,NA,NA,NA,470,NA,NA,"t",NA,"c",NA,NA,NA,NA,NA,NA,NA,NA,NA,NA
"300",NA,NA,NA,NA,NA,NA,NA,471,NA,NA,"a",NA,"g",NA,NA,NA,NA,NA,NA,NA,NA,NA,NA
"301",NA,NA,NA,NA,NA,NA,NA,472,NA,NA,"a",NA,"g",NA,NA,NA,NA,NA,NA,NA,NA,NA,NA
"302",NA,NA,NA,NA,NA,NA,NA,473,NA,NA,"a",NA,"g",NA,NA,NA,NA,NA,NA,NA,NA,NA,NA
"303",NA,NA,NA,NA,NA,NA,NA,474,NA,NA,"a",NA,"g",NA,NA,NA,NA,NA,NA,NA,NA,NA,NA
"304",NA,NA,NA,NA,NA,NA,NA,475,NA,NA,"a",NA,"g",NA,NA,NA,NA,NA,NA,NA,NA,NA,NA
"305",NA,NA,NA,NA,NA,NA,NA,476,NA,NA,"g",NA,"a",NA,NA,NA,NA,NA,NA,NA,NA,NA,NA
"306",NA,NA,NA,NA,NA,NA,NA,477,NA,NA,"g",NA,"a",NA,NA,NA,NA,NA,NA,NA,NA,NA,NA
"307",NA,NA,NA,NA,NA,NA,NA,478,NA,NA,"g",NA,"a",NA,NA,NA,NA,NA,NA,NA,NA,NA,NA
"308",NA,NA,NA,NA,NA,NA,NA,479,NA,NA,"a",NA,"g",NA,NA,NA,NA,NA,NA,NA,NA,NA,NA
"309",NA,NA,NA,NA,NA,NA,NA,480,NA,NA,"c",NA,"t",NA,NA,NA,NA,NA,NA,NA,NA,NA,NA
"310",NA,NA,NA,NA,NA,NA,NA,481,NA,NA,"a",NA,"g",NA,NA,NA,NA,NA,NA,NA,NA,NA,NA
"311",NA,NA,NA,NA,NA,NA,NA,482,NA,NA,"a",NA,"g",NA,NA,NA,NA,NA,NA,NA,NA,NA,NA
"312",NA,NA,NA,NA,NA,NA,NA,483,NA,NA,"a",NA,"g",NA,NA,NA,NA,NA,NA,NA,NA,NA,NA
"313",NA,NA,NA,NA,NA,NA,NA,484,NA,NA,"a",NA,"g",NA,NA,NA,NA,NA,NA,NA,NA,NA,NA
"314",NA,NA,NA,NA,NA,NA,NA,485,NA,NA,"a",NA,"g",NA,NA,NA,NA,NA,NA,NA,NA,NA,NA
"315",NA,NA,NA,NA,NA,NA,NA,486,NA,NA,"g",NA,"a",NA,NA,NA,NA,NA,NA,NA,NA,NA,NA
"316",NA,NA,NA,NA,NA,NA,NA,487,NA,NA,"a",NA,"g",NA,NA,NA,NA,NA,NA,NA,NA,NA,NA
"317",NA,NA,NA,NA,NA,NA,NA,488,NA,NA,"a",NA,"g",NA,NA,NA,NA,NA,NA,NA,NA,NA,NA
"318",NA,NA,NA,NA,NA,NA,NA,489,NA,NA,"a",NA,"g",NA,NA,NA,NA,NA,NA,NA,NA,NA,NA
"319",NA,NA,NA,NA,NA,NA,NA,490,NA,NA,"g",NA,"a",NA,NA,NA,NA,NA,NA,NA,NA,NA,NA
"320",NA,NA,NA,NA,NA,NA,NA,491,NA,NA,"a",NA,"g",NA,NA,NA,NA,NA,NA,NA,NA,NA,NA
"321",NA,NA,NA,NA,NA,NA,NA,492,NA,NA,"a",NA,"g",NA,NA,NA,NA,NA,NA,NA,NA,NA,NA
"322",NA,NA,NA,NA,NA,NA,NA,493,NA,NA,"t",NA,"c",NA,NA,NA,NA,NA,NA,NA,NA,NA,NA
"323",NA,NA,NA,NA,NA,NA,NA,494,NA,NA,"a",NA,"g",NA,NA,NA,NA,NA,NA,NA,NA,NA,NA
"324",NA,NA,NA,NA,NA,NA,NA,495,NA,NA,"t",NA,"c",NA,NA,NA,NA,NA,NA,NA,NA,NA,NA
"325",NA,NA,NA,NA,NA,NA,NA,496,NA,NA,"a",NA,"g",NA,NA,NA,NA,NA,NA,NA,NA,NA,NA
"326",NA,NA,NA,NA,NA,NA,NA,497,NA,NA,"a",NA,"g",NA,NA,NA,NA,NA,NA,NA,NA,NA,NA
"327",NA,NA,NA,NA,NA,NA,NA,498,NA,NA,"t",NA,"c",NA,NA,NA,NA,NA,NA,NA,NA,NA,NA
"328",NA,NA,NA,NA,NA,NA,NA,499,NA,NA,"g",NA,"a",NA,NA,NA,NA,NA,NA,NA,NA,NA,NA
"329",NA,NA,NA,NA,NA,NA,NA,500,NA,NA,"a",NA,"g",NA,NA,NA,NA,NA,NA,NA,NA,NA,NA
"330",NA,NA,NA,NA,NA,NA,NA,501,NA,NA,"a",NA,"g",NA,NA,NA,NA,NA,NA,NA,NA,NA,NA
"331",NA,NA,NA,NA,NA,NA,NA,502,NA,NA,"a",NA,"g",NA,NA,NA,NA,NA,NA,NA,NA,NA,NA
"332",NA,NA,NA,NA,NA,NA,NA,503,NA,NA,"c",NA,"t",NA,NA,NA,NA,NA,NA,NA,NA,NA,NA
"333",NA,NA,NA,NA,NA,NA,NA,504,NA,NA,"a",NA,"g",NA,NA,NA,NA,NA,NA,NA,NA,NA,NA
"334",NA,NA,NA,NA,NA,NA,NA,505,NA,NA,"t",NA,"c",NA,NA,NA,NA,NA,NA,NA,NA,NA,NA
"335",NA,NA,NA,NA,NA,NA,NA,506,NA,NA,"g",NA,"a",NA,NA,NA,NA,NA,NA,NA,NA,NA,NA
"336",NA,NA,NA,NA,NA,NA,NA,507,NA,NA,"g",NA,"a",NA,NA,NA,NA,NA,NA,NA,NA,NA,NA
"337",NA,NA,NA,NA,NA,NA,NA,508,NA,NA,"t",NA,"c",NA,NA,NA,NA,NA,NA,NA,NA,NA,NA
"338",NA,NA,NA,NA,NA,NA,NA,509,NA,NA,"a",NA,"g",NA,NA,NA,NA,NA,NA,NA,NA,NA,NA
"339",NA,NA,NA,NA,NA,NA,NA,510,NA,NA,"t",NA,"c",NA,NA,NA,NA,NA,NA,NA,NA,NA,NA
"340",NA,NA,NA,NA,NA,NA,NA,511,NA,NA,"t",NA,"c",NA,NA,NA,NA,NA,NA,NA,NA,NA,NA
"341",NA,NA,NA,NA,NA,NA,NA,512,NA,NA,"c",NA,"t",NA,NA,NA,NA,NA,NA,NA,NA,NA,NA
"342",NA,NA,NA,NA,NA,NA,NA,513,NA,NA,"a",NA,"g",NA,NA,NA,NA,NA,NA,NA,NA,NA,NA
"343",NA,NA,NA,NA,NA,NA,NA,514,NA,NA,"a",NA,"g",NA,NA,NA,NA,NA,NA,NA,NA,NA,NA
"344",NA,NA,NA,NA,NA,NA,NA,515,NA,NA,"g",NA,"a",NA,NA,NA,NA,NA,NA,NA,NA,NA,NA
"345",NA,NA,NA,NA,NA,NA,NA,516,NA,NA,"a",NA,"g",NA,NA,NA,NA,NA,NA,NA,NA,NA,NA
"346",NA,NA,NA,NA,NA,NA,NA,517,NA,NA,"g",NA,"a",NA,NA,NA,NA,NA,NA,NA,NA,NA,NA
"347",NA,NA,NA,NA,NA,NA,NA,518,NA,NA,"a",NA,"g",NA,NA,NA,NA,NA,NA,NA,NA,NA,NA
"348",NA,NA,NA,NA,NA,NA,NA,519,NA,NA,"t",NA,"c",NA,NA,NA,NA,NA,NA,NA,NA,NA,NA
"349",NA,NA,NA,NA,NA,NA,NA,520,NA,NA,"t",NA,"c",NA,NA,NA,NA,NA,NA,NA,NA,NA,NA
"350",NA,NA,NA,NA,NA,NA,NA,521,NA,NA,"t",NA,"c",NA,NA,NA,NA,NA,NA,NA,NA,NA,NA
"351",NA,NA,NA,NA,NA,NA,NA,522,NA,NA,"a",NA,"g",NA,NA,NA,NA,NA,NA,NA,NA,NA,NA
"352",NA,NA,NA,NA,NA,NA,NA,523,NA,NA,"a",NA,"g",NA,NA,NA,NA,NA,NA,NA,NA,NA,NA
"353",NA,NA,NA,NA,NA,NA,NA,524,NA,NA,"t",NA,"c",NA,NA,NA,NA,NA,NA,NA,NA,NA,NA
"354",NA,NA,NA,NA,NA,NA,NA,525,NA,NA,"a",NA,"g",NA,NA,NA,NA,NA,NA,NA,NA,NA,NA
"355",NA,NA,NA,NA,NA,NA,NA,526,NA,NA,"t",NA,"c",NA,NA,NA,NA,NA,NA,NA,NA,NA,NA
"356",NA,NA,NA,NA,NA,NA,NA,527,NA,NA,"g",NA,"a",NA,NA,NA,NA,NA,NA,NA,NA,NA,NA
"357",NA,NA,NA,NA,NA,NA,NA,528,NA,NA,"t",NA,"c",NA,NA,NA,NA,NA,NA,NA,NA,NA,NA
"358",NA,NA,NA,NA,NA,NA,NA,529,NA,NA,"g",NA,"a",NA,NA,NA,NA,NA,NA,NA,NA,NA,NA
"359",NA,NA,NA,NA,NA,NA,NA,530,NA,NA,"a",NA,"g",NA,NA,NA,NA,NA,NA,NA,NA,NA,NA
"360",NA,NA,NA,NA,NA,NA,NA,531,NA,NA,"a",NA,"g",NA,NA,NA,NA,NA,NA,NA,NA,NA,NA
"361",NA,NA,NA,NA,NA,NA,NA,532,NA,NA,"c",NA,"t",NA,NA,NA,NA,NA,NA,NA,NA,NA,NA
"362",NA,NA,NA,NA,NA,NA,NA,533,NA,NA,"a",NA,"g",NA,NA,NA,NA,NA,NA,NA,NA,NA,NA
"363",NA,NA,NA,NA,NA,NA,NA,534,NA,NA,"a",NA,"g",NA,NA,NA,NA,NA,NA,NA,NA,NA,NA
"364",NA,NA,NA,NA,NA,NA,NA,535,NA,NA,"a",NA,"g",NA,NA,NA,NA,NA,NA,NA,NA,NA,NA
"365",NA,NA,NA,NA,NA,NA,NA,536,NA,NA,"a",NA,"g",NA,NA,NA,NA,NA,NA,NA,NA,NA,NA
"366",NA,NA,NA,NA,NA,NA,NA,537,NA,NA,"t",NA,"c",NA,NA,NA,NA,NA,NA,NA,NA,NA,NA
"367",NA,NA,NA,NA,NA,NA,NA,538,NA,NA,"a",NA,"g",NA,NA,NA,NA,NA,NA,NA,NA,NA,NA
"368",NA,NA,NA,NA,NA,NA,NA,539,NA,NA,"c",NA,"t",NA,NA,NA,NA,NA,NA,NA,NA,NA,NA
"369",NA,NA,NA,NA,NA,NA,NA,540,NA,NA,"t",NA,"c",NA,NA,NA,NA,NA,NA,NA,NA,NA,NA
"370",NA,NA,NA,NA,NA,NA,NA,541,NA,NA,"a",NA,"g",NA,NA,NA,NA,NA,NA,NA,NA,NA,NA
"371",NA,NA,NA,NA,NA,NA,NA,542,NA,NA,"a",NA,"g",NA,NA,NA,NA,NA,NA,NA,NA,NA,NA
"372",0,0,0,7,0,0,0,543,7,"t","t","c","c",0,0,0,0,0,0,0,0,0,0
"373",0,0,7,0,0,0,0,544,7,"g","g","a","a",0,0,0,0,0,0,0,0,0,0
"374",0,0,8,0,0,0,0,545,8,"g","g","a","a",0,0,0,0,0,0,0,0,0,0
"375",1,0,0,9,0,0,0,546,10,"t","a","c","g",0,0,0.1,0.9,0.1,0,0.1,0,0.1,0.9
"376",2916,0,0,0,0,0,0,547,2916,"a","a","g","g",0,0,0,0,0,0,0,0,0,0
"377",3904,2,60,3,1,0,0,548,3969,"a","g","g","a",0.0151171579743008,0.983623078861174,0.00125976316452507,0.00125976316452507,0.000503905265810028,0.000755857898715042,0.000503905265810028,0.000755857898715042,0.0163769211388259,0.984882842025699
"378",0,3,1,69996,0,0,0,549,70000,"t","t","c","c",4.28571428571429e-05,4.28571428571429e-05,1.42857142857143e-05,1.42857142857143e-05,0,1.42857142857143e-05,0,1.42857142857143e-05,5.71428571428571e-05,5.71428571428571e-05
"379",0,0,70001,0,0,0,0,550,70001,"g","g","a","a",0,0,0,0,0,0,0,0,0,0
"380",70001,0,1,0,0,0,0,551,70002,"a","a","g","g",1.42853061341105e-05,1.42853061341105e-05,0,0,0,0,0,0,1.42853061341105e-05,1.42853061341105e-05
"381",69997,0,5,1,0,0,0,552,70003,"a","a","g","g",7.14255103352713e-05,7.14255103352713e-05,1.42851020670543e-05,1.42851020670543e-05,0,1.42851020670543e-05,0,1.42851020670543e-05,8.57106124023256e-05,8.57106124023256e-05
"382",70000,0,2,2,0,0,0,553,70004,"a","a","g","g",2.85697960116565e-05,2.85697960116565e-05,2.85697960116565e-05,2.85697960116565e-05,0,2.85697960116565e-05,0,2.85697960116565e-05,5.7139592023313e-05,5.7139592023313e-05
"383",2,0,70003,0,0,0,0,554,70005,"g","g","a","a",2.85693879008642e-05,2.85693879008642e-05,0,0,0,0,0,0,2.85693879008642e-05,2.85693879008642e-05
"384",2,5,0,69999,0,0,0,555,70006,"t","t","c","c",7.14224495043282e-05,7.14224495043282e-05,2.85689798017313e-05,2.85689798017313e-05,2.85689798017313e-05,0,2.85689798017313e-05,0,9.99914293060595e-05,9.99914293060595e-05
"385",70004,0,3,0,0,0,0,556,70007,"a","a","g","g",4.28528575713857e-05,4.28528575713857e-05,0,0,0,0,0,0,4.28528575713857e-05,4.28528575713857e-05
"386",42,2,69942,22,0,0,0,557,70008,"g","a","a","g",0.000599931436407268,0.999057250599931,0.000342817963661296,0.000342817963661296,2.85681636384413e-05,0.000314249800022855,2.85681636384413e-05,0.000314249800022855,0.000942749400068564,0.999400068563593
"387",70004,2,3,0,0,0,0,558,70009,"a","a","g","g",4.2851633361425e-05,4.2851633361425e-05,2.85677555742833e-05,2.85677555742833e-05,2.85677555742833e-05,0,2.85677555742833e-05,0,7.14193889357083e-05,7.14193889357083e-05
"388",23,93,1,69893,0,0,0,559,70010,"t","t","c","c",0.00132838165976289,0.00132838165976289,0.000342808170261391,0.000342808170261391,0.0003285244965005,1.42836737608913e-05,0.0003285244965005,1.42836737608913e-05,0.00167118983002428,0.00167118983002428
"389",38,0,69968,5,0,0,0,560,70011,"g","g","a","a",0.000542771850137836,0.000542771850137836,7.14173487023468e-05,7.14173487023468e-05,0,7.14173487023468e-05,0,7.14173487023468e-05,0.000614189198840182,0.000614189198840182
"390",6,205,8,69792,1,0,0,561,70011,"t","t","c","c",0.00292811129679622,0.00292811129679622,0.000199968576366571,0.000199968576366571,8.57008184428161e-05,0.000114267757923755,8.57008184428161e-05,0.000114267757923755,0.00312807987316279,0.00312807987316279
"391",11,58,1,69943,0,0,0,562,70013,"t","t","c","c",0.000828417579592361,0.000828417579592361,0.000171396740605316,0.000171396740605316,0.000157113678888206,1.42830617171097e-05,0.000157113678888206,1.42830617171097e-05,0.000999814320197678,0.000999814320197678
"392",69838,2,152,19,3,0,0,563,70011,"a","a","g","g",0.00217108740055134,0.00217108740055134,0.000299952864549856,0.000299952864549856,2.85669394809387e-05,0.000271385925068918,2.85669394809387e-05,0.000271385925068918,0.0024710402651012,0.0024710402651012
"393",7,69962,1,44,1,0,0,564,70014,"c","c","t","t",0.000628445739423544,0.000628445739423544,0.000114262861713372,0.000114262861713372,9.99800039992002e-05,1.42828577141715e-05,9.99800039992002e-05,1.42828577141715e-05,0.000742708601136915,0.000742708601136915
"394",69893,1,115,7,0,0,0,565,70016,"a","a","g","g",0.00164248171846435,0.00164248171846435,0.000114259597806216,0.000114259597806216,1.4282449725777e-05,9.99771480804388e-05,1.4282449725777e-05,9.99771480804388e-05,0.00175674131627057,0.00175674131627057
"395",17,96,3,69901,0,0,0,566,70017,"t","t","c","c",0.00137109559107074,0.00137109559107074,0.000285644914806404,0.000285644914806404,0.000242798177585444,4.28467372209606e-05,0.000242798177585444,4.28467372209606e-05,0.00165674050587714,0.00165674050587714
"396",38,0,69969,10,1,0,0,567,70017,"g","g","a","a",0.000542725338132168,0.000542725338132168,0.000142822457403202,0.000142822457403202,0,0.000142822457403202,0,0.000142822457403202,0.00068554779553537,0.00068554779553537
"397",69855,3,120,40,1,0,0,568,70018,"a","a","g","g",0.00171384501128281,0.00171384501128281,0.000614127795709675,0.000614127795709675,4.28461252820703e-05,0.000571281670427604,4.28461252820703e-05,0.000571281670427604,0.00232797280699249,0.00232797280699249
"398",69864,4,142,10,0,0,0,569,70020,"a","a","g","g",0.00202799200228506,0.00202799200228506,0.000199942873464724,0.000199942873464724,5.71265352756355e-05,0.000142816338189089,5.71265352756355e-05,0.000142816338189089,0.00222793487574979,0.00222793487574979
"399",19,72,4,69925,0,0,0,570,70020,"t","t","c","c",0.00102827763496144,0.00102827763496144,0.000328477577834904,0.000328477577834904,0.000271351042559269,5.71265352756355e-05,0.000271351042559269,5.71265352756355e-05,0.00135675521279634,0.00135675521279634
"400",13,69964,1,43,0,0,0,571,70021,"c","c","t","t",0.000614101483840562,0.000614101483840562,0.000199940017994602,0.000199940017994602,0.000185658588137844,1.42814298567573e-05,0.000185658588137844,1.42814298567573e-05,0.000814041501835164,0.000814041501835164
"401",69912,2,86,22,0,0,0,572,70022,"a","a","g","g",0.00122818542743709,0.00122818542743709,0.000342749421610351,0.000342749421610351,2.85624518008626e-05,0.000314186969809488,2.85624518008626e-05,0.000314186969809488,0.00157093484904744,0.00157093484904744
"402",4,69973,1,44,0,0,0,573,70022,"c","t","t","c",0.000628373939618977,0.999300219930879,7.14061295021565e-05,7.14061295021565e-05,5.71249036017252e-05,1.42812259004313e-05,5.71249036017252e-05,1.42812259004313e-05,0.000699780069121133,0.999371626060381
"403",15,90,6,69912,0,0,0,574,70023,"t","t","c","c",0.00128529197549377,0.00128529197549377,0.000299901460948545,0.000299901460948545,0.000214215329248961,8.56861316995844e-05,0.000214215329248961,8.56861316995844e-05,0.00158519343644231,0.00158519343644231
"404",82,0,69931,11,0,0,0,575,70024,"g","g","a","a",0.00117102707643094,0.00117102707643094,0.000157088998057809,0.000157088998057809,0,0.000157088998057809,0,0.000157088998057809,0.00132811607448875,0.00132811607448875
"405",10,124,0,69888,2,0,0,576,70022,"t","t","c","c",0.00177087201165348,0.00177087201165348,0.000142812259004313,0.000142812259004313,0.000142812259004313,0,0.000142812259004313,0,0.00191368427065779,0.00191368427065779
"406",69927,5,48,33,12,0,0,577,70013,"a","a","g","g",0.000685586962421265,0.000685586962421265,0.000542756345250168,0.000542756345250168,7.14153085855484e-05,0.000471341036664619,7.14153085855484e-05,0.000471341036664619,0.00122834330767143,0.00122834330767143
"407",69872,4,116,34,0,0,0,578,70026,"a","a","g","g",0.00165652757547197,0.00165652757547197,0.000542655585068403,0.000542655585068403,5.71216405335161e-05,0.000485533944534887,5.71216405335161e-05,0.000485533944534887,0.00219918316054037,0.00219918316054037
"408",13,69977,2,33,1,0,0,579,70025,"c","c","t","t",0.00047126026419136,0.00047126026419136,0.000214209210996073,0.000214209210996073,0.000185647982863263,2.85612281328097e-05,0.000185647982863263,2.85612281328097e-05,0.000685469475187433,0.000685469475187433
"409",69898,14,96,17,1,0,0,580,70025,"a","a","g","g",0.00137093895037487,0.00137093895037487,0.000442699036058551,0.000442699036058551,0.000199928596929668,0.000242770439128883,0.000199928596929668,0.000242770439128883,0.00181363798643342,0.00181363798643342
"410",7,69980,3,35,1,0,0,581,70025,"c","c","t","t",0.00049982149232417,0.00049982149232417,0.000142806140664049,0.000142806140664049,9.9964298464834e-05,4.28418421992146e-05,9.9964298464834e-05,4.28418421992146e-05,0.000642627632988218,0.000642627632988218
"411",17,113,10,69884,2,0,0,582,70024,"t","c","c","t",0.00161373243459385,0.998000685479264,0.000385582086141894,0.000385582086141894,0.000242773906089341,0.000142808180052553,0.000242773906089341,0.000142808180052553,0.00199931452073575,0.998386267565406
"412",27,78,8,69911,2,0,0,583,70024,"t","a","c","g",0.00111390380440992,0.000114246544042043,0.000499828630183937,0.999500171369816,0.000385582086141894,0.000114246544042043,0.000385582086141894,0.000114246544042043,0.00161373243459385,0.999614417913858
"413",9,69967,3,34,14,0,0,584,70013,"c","g","t","a",0.000485624098381729,0.000128547555453987,0.000171396740605316,0.999828603259395,0.000128547555453987,4.2849185151329e-05,0.000128547555453987,4.2849185151329e-05,0.000657020838987045,0.999957150814849
"414",0,69,3,69943,13,0,0,585,70015,"t","t","c","c",0.000985503106477183,0.000985503106477183,4.28479611511819e-05,4.28479611511819e-05,0,4.28479611511819e-05,0,4.28479611511819e-05,0.00102835106762837,0.00102835106762837
"415",69945,1,75,8,0,0,0,586,70029,"a","a","g","g",0.00107098487769353,0.00107098487769353,0.000128518185323223,0.000128518185323223,1.4279798369247e-05,0.000114238386953976,1.4279798369247e-05,0.000114238386953976,0.00119950306301675,0.00119950306301675
"416",15,125,4,69885,1,0,0,587,70029,"t","t","c","c",0.00178497479615588,0.00178497479615588,0.000271316169015693,0.000271316169015693,0.000214196975538705,5.71191934769881e-05,0.000214196975538705,5.71191934769881e-05,0.00205629096517157,0.00205629096517157
"417",13,69,5,69944,0,0,0,588,70031,"t","t","c","c",0.000985277948337165,0.000985277948337165,0.000257029030001,0.000257029030001,0.000185632077222944,7.13969527780554e-05,0.000185632077222944,7.13969527780554e-05,0.00124230697833816,0.00124230697833816
"418",69950,3,70,9,0,0,0,589,70032,"a","a","g","g",0.000999543066026959,0.000999543066026959,0.000171350239890336,0.000171350239890336,4.2837559972584e-05,0.000128512679917752,4.2837559972584e-05,0.000128512679917752,0.00117089330591729,0.00117089330591729
"419",10,166,1,69853,3,0,0,590,70030,"t","t","c","c",0.00237041268027988,0.00237041268027988,0.000157075539054691,0.000157075539054691,0.000142795944595173,1.42795944595173e-05,0.000142795944595173,1.42795944595173e-05,0.00252748821933457,0.00252748821933457
"420",19,69980,2,33,0,0,0,591,70034,"c","t","t","c",0.000471199703001399,0.999228945940543,0.000299854356455436,0.000299854356455436,0.000271296798697775,2.85575577576606e-05,0.000271296798697775,2.85575577576606e-05,0.000771054059456835,0.999528800296999
"421",7,69990,2,36,0,0,0,592,70035,"c","c","t","t",0.000514028699935746,0.000514028699935746,0.000128507174983937,0.000128507174983937,9.99500249875062e-05,2.85571499964304e-05,9.99500249875062e-05,2.85571499964304e-05,0.000642535874919683,0.000642535874919683
"422",69895,21,98,20,2,0,0,593,70034,"a","a","g","g",0.00139932033012537,0.00139932033012537,0.000585429934032042,0.000585429934032042,0.000299854356455436,0.000285575577576606,0.000299854356455436,0.000285575577576606,0.00198475026415741,0.00198475026415741
"423",69921,3,83,28,2,0,0,594,70035,"a","a","g","g",0.00118512172485186,0.00118512172485186,0.00044263582494467,0.00044263582494467,4.28357249946455e-05,0.000399800099950025,4.28357249946455e-05,0.000399800099950025,0.00162775754979653,0.00162775754979653
"424",31,3,69996,8,0,0,0,595,70038,"g","g","a","a",0.000442616865130358,0.000442616865130358,0.000157057597304321,0.000157057597304321,4.28338901739056e-05,0.000114223707130415,4.28338901739056e-05,0.000114223707130415,0.000599674462434678,0.000599674462434678
"425",69908,2,96,32,0,0,0,596,70038,"a","a","g","g",0.00137068448556498,0.00137068448556498,0.000485450755304263,0.000485450755304263,2.85559267826037e-05,0.00045689482852166,2.85559267826037e-05,0.00045689482852166,0.00185613524086924,0.00185613524086924
"426",28,1,70010,0,0,0,0,597,70039,"g","a","a","g",0.00039977726695127,0.999585944973515,1.42777595339739e-05,1.42777595339739e-05,1.42777595339739e-05,0,1.42777595339739e-05,0,0.000414055026485244,0.999600222733049
"427",17,158,1,69864,0,0,0,598,70040,"t","t","c","c",0.00225585379782981,0.00225585379782981,0.000256996002284409,0.000256996002284409,0.000242718446601942,1.42775556824672e-05,0.000242718446601942,1.42775556824672e-05,0.00251284980011422,0.00251284980011422
"428",5,69987,3,46,0,0,0,599,70041,"c","c","t","t",0.00065675818449194,0.00065675818449194,0.000114218814694251,0.000114218814694251,7.13867591839066e-05,4.28320555103439e-05,7.13867591839066e-05,4.28320555103439e-05,0.000770976999186191,0.000770976999186191
"429",81,96,1,69864,0,0,0,600,70042,"t","c","c","t",0.00137060620770395,0.997458667656549,0.00117072613574712,0.00117072613574712,0.00115644898775021,1.42771479969161e-05,0.00115644898775021,1.42771479969161e-05,0.00254133234345107,0.998629393792296
"430",8,153,1,69881,0,0,0,601,70043,"t","t","c","c",0.00218437245691932,0.00218437245691932,0.000128492497465842,0.000128492497465842,0.000114215553302971,1.42769441628714e-05,0.000114215553302971,1.42769441628714e-05,0.00231286495438516,0.00231286495438516
"431",52,1,69988,3,0,0,0,602,70044,"g","g","a","a",0.000742390497401633,0.000742390497401633,5.71069613385872e-05,5.71069613385872e-05,1.42767403346468e-05,4.28302210039404e-05,1.42767403346468e-05,4.28302210039404e-05,0.00079949745874022,0.00079949745874022
"432",30,77,7,69931,0,0,0,603,70045,"t","t","c","c",0.00109929331144264,0.00109929331144264,0.000528231850952959,0.000528231850952959,0.000428296095367264,9.99357555856949e-05,0.000428296095367264,9.99357555856949e-05,0.0016275251623956,0.0016275251623956
"433",27,1,70007,11,0,0,0,604,70046,"g","g","a","a",0.000385460982782743,0.000385460982782743,0.000171315992347886,0.000171315992347886,1.42763326956571e-05,0.000157039659652229,1.42763326956571e-05,0.000157039659652229,0.000556776975130628,0.000556776975130628
"434",69891,3,126,27,0,0,0,605,70047,"a","a","g","g",0.00179879223949634,0.00179879223949634,0.000428283866546747,0.000428283866546747,4.28283866546747e-05,0.000385455479892072,4.28283866546747e-05,0.000385455479892072,0.00222707610604309,0.00222707610604309
"435",6,69996,1,44,1,0,0,606,70047,"c","c","t","t",0.000628149670935229,0.000628149670935229,9.9932902194241e-05,9.9932902194241e-05,8.56567733093494e-05,1.42761288848916e-05,8.56567733093494e-05,1.42761288848916e-05,0.00072808257312947,0.00072808257312947
"436",69890,5,125,29,0,0,0,607,70049,"a","a","g","g",0.00178446516010221,0.00178446516010221,0.000485374523547802,0.000485374523547802,7.13786064040886e-05,0.000413995917143714,7.13786064040886e-05,0.000413995917143714,0.00226983968365002,0.00226983968365002
"437",69828,2,196,24,0,0,0,608,70050,"a","a","g","g",0.00279800142755175,0.00279800142755175,0.000371163454675232,0.000371163454675232,2.85510349750178e-05,0.000342612419700214,2.85510349750178e-05,0.000342612419700214,0.00316916488222698,0.00316916488222698
"438",35,2,70007,6,1,0,0,609,70050,"g","g","a","a",0.000499643112062812,0.000499643112062812,0.000114204139900071,0.000114204139900071,2.85510349750178e-05,8.56531049250535e-05,2.85510349750178e-05,8.56531049250535e-05,0.000613847251962884,0.000613847251962884
"439",3,70011,4,34,0,0,0,610,70052,"c","c","t","t",0.000485353737223777,0.000485353737223777,9.99257694284246e-05,9.99257694284246e-05,4.28253297550391e-05,5.71004396733855e-05,4.28253297550391e-05,5.71004396733855e-05,0.000585279506652201,0.000585279506652201
"440",69959,5,71,17,1,0,0,611,70052,"a","a","g","g",0.00101353280420259,0.00101353280420259,0.00031405241820362,0.00031405241820362,7.13755495917319e-05,0.000242676868611888,7.13755495917319e-05,0.000242676868611888,0.00132758522240621,0.00132758522240621
"441",12,64,4,69972,2,0,0,612,70052,"t","t","c","c",0.000913607034774168,0.000913607034774168,0.000228401758693542,0.000228401758693542,0.000171301319020156,5.71004396733855e-05,0.000171301319020156,5.71004396733855e-05,0.00114200879346771,0.00114200879346771
"442",12,73,2,69968,0,0,0,613,70055,"t","t","c","c",0.00104203839840126,0.00104203839840126,0.000199842980515309,0.000199842980515309,0.000171293983298837,2.85489972164728e-05,0.000171293983298837,2.85489972164728e-05,0.00124188137891657,0.00124188137891657
"443",69941,1,109,3,2,0,0,614,70054,"a","a","g","g",0.00155594255859765,0.00155594255859765,5.70988094898221e-05,5.70988094898221e-05,1.42747023724555e-05,4.28241071173666e-05,1.42747023724555e-05,4.28241071173666e-05,0.00161304136808748,0.00161304136808748
"444",17,120,3,69917,0,0,0,615,70057,"t","t","c","c",0.00171289093166993,0.00171289093166993,0.000285481821944988,0.000285481821944988,0.00024265954865324,4.28222732917482e-05,0.00024265954865324,4.28222732917482e-05,0.00199837275361491,0.00199837275361491
"445",21,88,5,69944,0,0,0,616,70058,"t","t","c","c",0.00125610208684233,0.00125610208684233,0.000371121071112507,0.000371121071112507,0.000299751634360102,7.13694367524051e-05,0.000299751634360102,7.13694367524051e-05,0.00162722315795484,0.00162722315795484
"446",2539,1,67494,14,11,0,0,617,70048,"g","g","a","a",0.0362465737779808,0.0362465737779808,0.000214138876199178,0.000214138876199178,1.42759250799452e-05,0.000199862951119233,1.42759250799452e-05,0.000199862951119233,0.03646071265418,0.03646071265418
"447",37,4,70000,19,0,0,0,618,70060,"g","g","a","a",0.000528118755352555,0.000528118755352555,0.000328290037111048,0.000328290037111048,5.70939194975735e-05,0.000271196117613474,5.70939194975735e-05,0.000271196117613474,0.000856408792463603,0.000856408792463603
"448",1746,4,68284,15,0,0,0,619,70049,"g","g","a","a",0.0249254093563077,0.0249254093563077,0.000271238704335537,0.000271238704335537,5.71028851232709e-05,0.000214135819212266,5.71028851232709e-05,0.000214135819212266,0.0251966480606433,0.0251966480606433
"449",69900,2,111,21,1,0,0,620,70034,"a","a","g","g",0.00158494445555016,0.00158494445555016,0.000328411914213096,0.000328411914213096,2.85575577576606e-05,0.000299854356455436,2.85575577576606e-05,0.000299854356455436,0.00191335636976326,0.00191335636976326
"450",10,58,4,69958,0,0,0,621,70030,"t","t","c","c",0.000828216478652006,0.000828216478652006,0.000199914322433243,0.000199914322433243,0.000142795944595173,5.71183778380694e-05,0.000142795944595173,5.71183778380694e-05,0.00102813080108525,0.00102813080108525
"451",69934,4,64,23,1,0,0,622,70025,"a","g","g","a",0.000913959300249911,0.998700464119957,0.000385576579792931,0.000385576579792931,5.71224562656194e-05,0.000328454123527312,5.71224562656194e-05,0.000328454123527312,0.00129953588004284,0.99908604069975
"452",6,69968,16,31,0,0,0,623,70021,"c","c","t","t",0.000442724325559475,0.000442724325559475,0.00031419145684866,0.00031419145684866,8.56885791405436e-05,0.000228502877708116,8.56885791405436e-05,0.000228502877708116,0.000756915782408135,0.000756915782408135
"453",19,63,6,69925,0,0,0,624,70013,"t","t","c","c",0.00089983288817791,0.00089983288817791,0.000357076542927742,0.000357076542927742,0.000271378172625084,8.56983703026581e-05,0.000271378172625084,8.56983703026581e-05,0.00125690943110565,0.00125690943110565
"454",69911,1,86,11,1,0,0,625,70009,"a","a","g","g",0.00122841348969418,0.00122841348969418,0.0001714065334457,0.0001714065334457,1.42838777871417e-05,0.000157122655658558,1.42838777871417e-05,0.000157122655658558,0.00139982002313988,0.00139982002313988
"455",9,94,7,69881,4,0,0,626,69991,"t","t","c","c",0.00134302981811947,0.00134302981811947,0.000228600820105442,0.000228600820105442,0.000128587961309311,0.000100012858796131,0.000128587961309311,0.000100012858796131,0.00157163063822491,0.00157163063822491
"456",3,86,3,69899,0,0,0,627,69991,"t","t","c","c",0.00122872940806675,0.00122872940806675,8.57253075395408e-05,8.57253075395408e-05,4.28626537697704e-05,4.28626537697704e-05,4.28626537697704e-05,4.28626537697704e-05,0.00131445471560629,0.00131445471560629
"457",69844,9,114,15,3,0,0,628,69982,"a","a","g","g",0.00162899031179446,0.00162899031179446,0.000342945328798834,0.000342945328798834,0.000128604498299563,0.000214340830499271,0.000128604498299563,0.000214340830499271,0.0019719356405933,0.0019719356405933
"458",25,0,69959,9,0,0,0,629,69993,"g","g","a","a",0.000357178575000357,0.000357178575000357,0.000128584287000129,0.000128584287000129,0,0.000128584287000129,0,0.000128584287000129,0.000485762862000486,0.000485762862000486
"459",69839,3,111,15,0,0,0,630,69968,"a","a","g","g",0.00158643951520695,0.00158643951520695,0.000257260461925452,0.000257260461925452,4.28767436542419e-05,0.00021438371827121,4.28767436542419e-05,0.00021438371827121,0.0018436999771324,0.0018436999771324
"460",8,122,3,69831,21,0,0,631,69964,"t","t","c","c",0.00174375393059288,0.00174375393059288,0.000157223715053456,0.000157223715053456,0.000114344520038877,4.28791950145789e-05,0.000114344520038877,4.28791950145789e-05,0.00190097764564633,0.00190097764564633
"461",14,77,9,69878,0,0,0,632,69978,"t","t","c","c",0.00110034582297293,0.00110034582297293,0.000328674726342565,0.000328674726342565,0.00020006287690417,0.000128611849438395,0.00020006287690417,0.000128611849438395,0.0014290205493155,0.0014290205493155
"462",8,60,2,69917,0,0,0,633,69987,"t","t","c","c",0.0008573020703845,0.0008573020703845,0.000142883678397417,0.000142883678397417,0.000114306942717933,2.85767356794833e-05,0.000114306942717933,2.85767356794833e-05,0.00100018574878192,0.00100018574878192
"463",69865,8,104,6,0,0,0,634,69983,"a","a","g","g",0.00148607518968892,0.00148607518968892,0.000200048583227355,0.000200048583227355,0.000114313476129917,8.5735107097438e-05,0.000114313476129917,8.5735107097438e-05,0.00168612377291628,0.00168612377291628
"464",37,0,69953,8,0,0,0,635,69998,"g","g","a","a",0.000528586531043744,0.000528586531043744,0.000114288979685134,0.000114288979685134,0,0.000114288979685134,0,0.000114288979685134,0.000642875510728878,0.000642875510728878
"465",25,3,69961,8,0,0,0,636,69997,"g","a","a","g",0.000357158163921311,0.999485692243953,0.000157149592125377,0.000157149592125377,4.28589796705573e-05,0.000114290612454819,4.28589796705573e-05,0.000114290612454819,0.000514307756046688,0.999642841836079
"466",16,37,1,69932,0,0,0,637,69986,"t","t","c","c",0.000528677164004229,0.000528677164004229,0.000242905724001943,0.000242905724001943,0.000228617152001829,1.42885720001143e-05,0.000228617152001829,1.42885720001143e-05,0.000771582888006173,0.000771582888006173
"467",69891,5,84,11,0,0,0,638,69991,"a","a","g","g",0.00120015430555357,0.00120015430555357,0.000228600820105442,0.000228600820105442,7.14377562829507e-05,0.000157163063822491,7.14377562829507e-05,0.000157163063822491,0.00142875512565901,0.00142875512565901
"468",16,87,1,69889,0,0,0,639,69993,"t","t","c","c",0.00124298144100124,0.00124298144100124,0.000242881431000243,0.000242881431000243,0.000228594288000229,1.42871430000143e-05,0.000228594288000229,1.42871430000143e-05,0.00148586287200149,0.00148586287200149
"469",29,168,10,69790,0,0,0,640,69997,"t","t","c","c",0.00240010286155121,0.00240010286155121,0.000557166735717245,0.000557166735717245,0.000414303470148721,0.000142863265568524,0.000414303470148721,0.000142863265568524,0.00295726959726845,0.00295726959726845
"470",40,3,69896,1,49,0,0,641,69940,"g","g","a","a",0.00057191878753217,0.00057191878753217,5.7191878753217e-05,5.7191878753217e-05,4.28939090649128e-05,1.42979696883043e-05,4.28939090649128e-05,1.42979696883043e-05,0.000629110666285387,0.000629110666285387
"471",33,120,7,69821,0,0,0,642,69981,"t","t","c","c",0.00171475114673983,0.00171475114673983,0.000571583715579943,0.000571583715579943,0.000471556565353453,0.00010002715022649,0.000471556565353453,0.00010002715022649,0.00228633486231977,0.00228633486231977
"472",40,3,69931,11,0,0,0,643,69985,"g","g","a","a",0.000571551046652854,0.000571551046652854,0.000200042866328499,0.000200042866328499,4.28663284989641e-05,0.000157176537829535,4.28663284989641e-05,0.000157176537829535,0.000771593912981353,0.000771593912981353
"473",6,69914,3,47,0,0,0,644,69970,"c","c","t","t",0.000671716449907103,0.000671716449907103,0.00012862655423753,0.00012862655423753,8.57510361583536e-05,4.28755180791768e-05,8.57510361583536e-05,4.28755180791768e-05,0.000800343004144633,0.000800343004144633
"474",69878,2,89,24,0,0,0,645,69993,"a","a","g","g",0.00127155572700127,0.00127155572700127,0.000371465718000371,0.000371465718000371,2.85742860000286e-05,0.000342891432000343,2.85742860000286e-05,0.000342891432000343,0.00164302144500164,0.00164302144500164
"475",4,69912,30,33,0,0,0,646,69979,"c","c","t","t",0.000471570042441304,0.000471570042441304,0.000485860043727404,0.000485860043727404,5.71600051444005e-05,0.000428700038583003,5.71600051444005e-05,0.000428700038583003,0.000957430086168708,0.000957430086168708
"476",7,69953,2,26,1,0,0,647,69988,"c","c","t","t",0.000371492255815283,0.000371492255815283,0.000128593473166829,0.000128593473166829,0.000100017145796422,2.85763273704064e-05,0.000100017145796422,2.85763273704064e-05,0.000500085728982111,0.000500085728982111
"477",33,144,1,69794,10,0,0,648,69972,"t","g","c","a",0.00205796604356028,0.000471617218315898,0.000485908649173955,0.999514091350826,0.000471617218315898,1.42914308580575e-05,0.000471617218315898,1.42914308580575e-05,0.00254387469273424,0.999985708569142
"478",6,69884,3,43,0,0,0,649,69936,"c","c","t","t",0.000614847860901396,0.000614847860901396,0.000128689087165408,0.000128689087165408,8.57927247769389e-05,4.28963623884695e-05,8.57927247769389e-05,4.28963623884695e-05,0.000743536948066804,0.000743536948066804
"479",3,69852,4,45,0,0,0,650,69904,"c","c","t","t",0.00064373998626688,0.00064373998626688,0.00010013733119707,0.00010013733119707,4.29159990844587e-05,5.72213321126116e-05,4.29159990844587e-05,5.72213321126116e-05,0.000743877317463951,0.000743877317463951
"480",69832,2,90,27,1,0,0,651,69951,"a","a","g","g",0.00128661491615559,0.00128661491615559,0.000414575917427914,0.000414575917427914,2.85914425812354e-05,0.000385984474846678,2.85914425812354e-05,0.000385984474846678,0.00170119083358351,0.00170119083358351
"481",46,2,69899,11,1,0,0,652,69958,"g","g","a","a",0.000657537379570599,0.000657537379570599,0.000185825781182996,0.000185825781182996,2.85885817204608e-05,0.000157237199462535,2.85885817204608e-05,0.000157237199462535,0.000843363160753595,0.000843363160753595
"482",35,1,69940,7,0,0,0,653,69983,"g","g","a","a",0.000500121458068388,0.000500121458068388,0.000114313476129917,0.000114313476129917,1.42891845162397e-05,0.000100024291613678,1.42891845162397e-05,0.000100024291613678,0.000614434934198305,0.000614434934198305
"483",36,77,8,69860,2,0,0,654,69981,"t","t","c","c",0.00110029865249139,0.00110029865249139,0.000628742087137937,0.000628742087137937,0.000514425344021949,0.000114316743115989,0.000514425344021949,0.000114316743115989,0.00172904073962933,0.00172904073962933
"484",54,63,1,69866,0,0,0,655,69984,"t","t","c","c",0.000900205761316872,0.000900205761316872,0.000785893918609968,0.000785893918609968,0.000771604938271605,1.42889803383631e-05,0.000771604938271605,1.42889803383631e-05,0.00168609967992684,0.00168609967992684
"485",69866,3,107,10,2,0,0,656,69986,"a","a","g","g",0.00152887720401223,0.00152887720401223,0.000185751436001486,0.000185751436001486,4.28657160003429e-05,0.000142885720001143,4.28657160003429e-05,0.000142885720001143,0.00171462864001372,0.00171462864001372
"486",30,110,5,69843,0,0,0,657,69988,"t","t","c","c",0.00157169800537235,0.00157169800537235,0.000500085728982111,0.000500085728982111,0.000428644910556095,7.14408184260159e-05,0.000428644910556095,7.14408184260159e-05,0.00207178373435446,0.00207178373435446
"487",38,1,69911,12,0,0,0,658,69962,"g","g","a","a",0.000543151996798262,0.000543151996798262,0.000185815156799405,0.000185815156799405,1.42934735999543e-05,0.000171521683199451,1.42934735999543e-05,0.000171521683199451,0.000728967153597667,0.000728967153597667
"488",6,69858,5,51,0,0,0,659,69920,"c","c","t","t",0.000729405034324943,0.000729405034324943,0.000157322654462243,0.000157322654462243,8.5812356979405e-05,7.15102974828375e-05,8.5812356979405e-05,7.15102974828375e-05,0.000886727688787185,0.000886727688787185
"489",13,3323,8,66553,17,0,0,660,69897,"t","t","c","c",0.047541382319699,0.047541382319699,0.000300442079059187,0.000300442079059187,0.000185987953703306,0.000114454125355881,0.000185987953703306,0.000114454125355881,0.0478418243987582,0.0478418243987582
"490",19,115,6,69795,0,0,0,661,69935,"t","t","c","c",0.001644384070923,0.001644384070923,0.000357474798026739,0.000357474798026739,0.000271680846500322,8.57939515264174e-05,0.000271680846500322,8.57939515264174e-05,0.00200185886894974,0.00200185886894974
"491",10,89,3,69868,0,0,0,662,69970,"t","t","c","c",0.00127197370301558,0.00127197370301558,0.000185793911676433,0.000185793911676433,0.000142918393597256,4.28755180791768e-05,0.000142918393597256,4.28755180791768e-05,0.00145776761469201,0.00145776761469201
"492",30,5,69933,13,1,0,0,663,69981,"g","g","a","a",0.000428687786684957,0.000428687786684957,0.000257212672010974,0.000257212672010974,7.14479644474929e-05,0.000185764707563482,7.14479644474929e-05,0.000185764707563482,0.000685900458695932,0.000685900458695932
"493",4,69919,2,38,0,0,0,664,69963,"c","c","t","t",0.000543144233380501,0.000543144233380501,8.57596157969212e-05,8.57596157969212e-05,5.71730771979475e-05,2.85865385989737e-05,5.71730771979475e-05,2.85865385989737e-05,0.000628903849177422,0.000628903849177422
"494",17,186,1,69761,11,0,0,665,69965,"t","t","c","c",0.00265847209318945,0.00265847209318945,0.000257271492889302,0.000257271492889302,0.000242978632173229,1.42928607160723e-05,0.000242978632173229,1.42928607160723e-05,0.00291574358607875,0.00291574358607875
"495",11,65,2,69910,0,0,0,666,69988,"t","t","c","c",0.000928730639538207,0.000928730639538207,0.000185746127907641,0.000185746127907641,0.000157169800537235,2.85763273704064e-05,0.000157169800537235,2.85763273704064e-05,0.00111447676744585,0.00111447676744585
"496",69918,2,51,20,3,0,0,667,69991,"a","a","g","g",0.000728665114086097,0.000728665114086097,0.000314326127644983,0.000314326127644983,2.85751025131803e-05,0.000285751025131803,2.85751025131803e-05,0.000285751025131803,0.00104299124173108,0.00104299124173108
"497",37,7,69935,9,0,0,0,668,69988,"g","g","a","a",0.000528662056352518,0.000528662056352518,0.000228610618963251,0.000228610618963251,0.000100017145796422,0.000128593473166829,0.000100017145796422,0.000128593473166829,0.000757272675315768,0.000757272675315768
"498",69834,4,128,17,0,0,0,669,69983,"a","g","g","a",0.00182901561807868,0.99787091150708,0.000300072874841033,0.000300072874841033,5.71567380649586e-05,0.000242916136776074,5.71567380649586e-05,0.000242916136776074,0.00212908849291971,0.998170984381921
"499",11,100,5,69871,0,0,0,670,69987,"t","t","c","c",0.00142883678397417,0.00142883678397417,0.000228613885435867,0.000228613885435867,0.000157172046237158,7.14418391987083e-05,0.000157172046237158,7.14418391987083e-05,0.00165745066941003,0.00165745066941003
"500",42,3,69941,13,0,0,0,671,69999,"g","g","a","a",0.000600008571551022,0.000600008571551022,0.000228574693924199,0.000228574693924199,4.28577551107873e-05,0.000185716938813412,4.28577551107873e-05,0.000185716938813412,0.000828583265475221,0.000828583265475221
"501",14,80,3,69894,1,0,0,672,69991,"t","t","c","c",0.00114300410052721,0.00114300410052721,0.000242888371362032,0.000242888371362032,0.000200025717592262,4.28626537697704e-05,0.000200025717592262,4.28626537697704e-05,0.00138589247188924,0.00138589247188924
"502",69903,4,73,5,8,0,0,673,69985,"a","a","g","g",0.00104308066014146,0.00104308066014146,0.000128598985496892,0.000128598985496892,5.71551046652854e-05,7.14438808316068e-05,5.71551046652854e-05,7.14438808316068e-05,0.00117167964563835,0.00117167964563835
"503",69862,5,103,11,0,0,0,674,69981,"a","a","g","g",0.00147182806761835,0.00147182806761835,0.000228633486231977,0.000228633486231977,7.14479644474929e-05,0.000157185521784484,7.14479644474929e-05,0.000157185521784484,0.00170046155385033,0.00170046155385033
"504",18,129,3,69814,0,0,0,675,69964,"t","t","c","c",0.00184380538562689,0.00184380538562689,0.000300154365102052,0.000300154365102052,0.000257275170087474,4.28791950145789e-05,0.000257275170087474,4.28791950145789e-05,0.00214395975072895,0.00214395975072895
"505",44,3,69901,11,0,0,0,676,69959,"g","g","a","a",0.000628939807601595,0.000628939807601595,0.000200117211509598,0.000200117211509598,4.28822596091997e-05,0.000157234951900399,4.28822596091997e-05,0.000157234951900399,0.000829057019111194,0.000829057019111194
"506",69819,2,107,19,1,0,0,677,69947,"a","a","g","g",0.00152972965245114,0.00152972965245114,0.000300227314967047,0.000300227314967047,2.85930776159092e-05,0.000271634237351137,2.85930776159092e-05,0.000271634237351137,0.00182995696741819,0.00182995696741819
"507",3,69858,4,40,1,0,0,678,69905,"c","t","t","c",0.000572205135541091,0.999327658965739,0.000100135898719691,0.000100135898719691,4.29153851655819e-05,5.72205135541091e-05,4.29153851655819e-05,5.72205135541091e-05,0.000672341034260782,0.999427794864459
"508",69743,7,136,13,0,0,0,679,69899,"a","a","g","g",0.00194566445871901,0.00194566445871901,0.000286127126282207,0.000286127126282207,0.000100144494198773,0.000185982632083435,0.000100144494198773,0.000185982632083435,0.00223179158500122,0.00223179158500122
"509",4,69785,2,89,0,0,0,680,69880,"c","c","t","t",0.00127361190612479,0.00127361190612479,8.58614768174013e-05,8.58614768174013e-05,5.72409845449342e-05,2.86204922724671e-05,5.72409845449342e-05,2.86204922724671e-05,0.00135947338294219,0.00135947338294219
"510",69699,31,109,13,2,0,0,681,69852,"a","a","g","g",0.00156044207753536,0.00156044207753536,0.000629903223959228,0.000629903223959228,0.000443795453244002,0.000186107770715226,0.000443795453244002,0.000186107770715226,0.00219034530149459,0.00219034530149459
