"","a","c","g","t","deletion","insertion","N","pos","TotalReads","MajNt","ref","transition.maj","transition.ref","freq.Ts","freq.Ts.ref","freq.transv1","freq.transv2","freq.transv1.ref","freq.transv2.ref","freq.transv","freq.transv.ref","freq.mutations","freq.mutations.ref"
"1",0,0,1,0,0,0,0,190,1,"g","g","a","a",0,0,0,0,0,0,0,0,0,0
"2",0,0,0,1,0,0,0,191,1,"t","t","c","c",0,0,0,0,0,0,0,0,0,0
"3",0,1,0,0,0,0,0,192,1,"c","c","t","t",0,0,0,0,0,0,0,0,0,0
"4",1,0,0,0,0,0,0,193,1,"a","a","g","g",0,0,0,0,0,0,0,0,0,0
"5",0,1,0,0,0,0,0,194,1,"c","c","t","t",0,0,0,0,0,0,0,0,0,0
"6",1,0,0,0,0,0,0,195,1,"a","a","g","g",0,0,0,0,0,0,0,0,0,0
"7",0,0,8,0,0,0,0,196,8,"g","g","a","a",0,0,0,0,0,0,0,0,0,0
"8",1418,1,0,0,7,0,0,197,1419,"a","a","g","g",0,0,0.000704721634954193,0,0.000704721634954193,0,0.000704721634954193,0.000704721634954193,0.000704721634954193,0.000704721634954193
"9",1424,0,0,2,0,0,0,198,1426,"a","a","g","g",0,0,0,0.00140252454417952,0,0.00140252454417952,0.00140252454417952,0.00140252454417952,0.00140252454417952,0.00140252454417952
"10",0,1426,0,0,0,0,0,199,1426,"c","c","t","t",0,0,0,0,0,0,0,0,0,0
"11",1426,0,0,0,0,0,0,200,1426,"a","a","g","g",0,0,0,0,0,0,0,0,0,0
"12",0,0,1426,0,0,0,0,201,1426,"g","g","a","a",0,0,0,0,0,0,0,0,0,0
"13",1,0,1425,0,0,0,0,202,1426,"g","g","a","a",0.000701262272089762,0.000701262272089762,0,0,0,0,0,0,0.000701262272089762,0.000701262272089762
"14",1,1424,0,1,0,0,0,203,1426,"c","c","t","t",0.000701262272089762,0.000701262272089762,0.000701262272089762,0,0.000701262272089762,0,0.000701262272089762,0.000701262272089762,0.00140252454417952,0.00140252454417952
"15",1425,0,0,1,0,0,0,204,1426,"a","a","g","g",0,0,0,0.000701262272089762,0,0.000701262272089762,0.000701262272089762,0.000701262272089762,0.000701262272089762,0.000701262272089762
"16",1425,0,1,0,0,0,0,205,1426,"a","a","g","g",0.000701262272089762,0.000701262272089762,0,0,0,0,0,0,0.000701262272089762,0.000701262272089762
"17",0,0,0,1426,0,0,0,206,1426,"t","t","c","c",0,0,0,0,0,0,0,0,0,0
"18",1425,0,0,0,1,0,0,207,1425,"a","a","g","g",0,0,0,0,0,0,0,0,0,0
"19",0,1,1425,0,0,0,0,208,1426,"g","g","a","a",0,0,0.000701262272089762,0,0.000701262272089762,0,0.000701262272089762,0.000701262272089762,0.000701262272089762,0.000701262272089762
"20",1426,0,0,0,0,0,0,209,1426,"a","a","g","g",0,0,0,0,0,0,0,0,0,0
"21",1,0,1425,0,0,0,0,210,1426,"g","g","a","a",0.000701262272089762,0.000701262272089762,0,0,0,0,0,0,0.000701262272089762,0.000701262272089762
"22",1,1,1424,0,0,0,0,211,1426,"g","g","a","a",0.000701262272089762,0.000701262272089762,0.000701262272089762,0,0.000701262272089762,0,0.000701262272089762,0.000701262272089762,0.00140252454417952,0.00140252454417952
"23",1426,0,0,0,0,0,0,212,1426,"a","a","g","g",0,0,0,0,0,0,0,0,0,0
"24",0,0,0,1424,2,0,0,213,1424,"t","t","c","c",0,0,0,0,0,0,0,0,0,0
"25",1,0,1423,0,2,0,0,214,1424,"g","g","a","a",0.000702247191011236,0.000702247191011236,0,0,0,0,0,0,0.000702247191011236,0.000702247191011236
"26",0,0,0,1425,1,0,0,215,1425,"t","t","c","c",0,0,0,0,0,0,0,0,0,0
"27",1426,0,0,0,0,0,0,216,1426,"a","a","g","g",0,0,0,0,0,0,0,0,0,0
"28",1,0,0,1425,0,0,0,217,1426,"t","t","c","c",0,0,0.000701262272089762,0,0.000701262272089762,0,0.000701262272089762,0.000701262272089762,0.000701262272089762,0.000701262272089762
"29",3,0,1423,0,0,0,0,218,1426,"g","g","a","a",0.00210378681626928,0.00210378681626928,0,0,0,0,0,0,0.00210378681626928,0.00210378681626928
"30",3,0,1423,0,0,0,0,219,1426,"g","g","a","a",0.00210378681626928,0.00210378681626928,0,0,0,0,0,0,0.00210378681626928,0.00210378681626928
"31",1426,0,0,0,0,0,0,220,1426,"a","a","g","g",0,0,0,0,0,0,0,0,0,0
"32",1426,0,0,0,0,0,0,221,1426,"a","a","g","g",0,0,0,0,0,0,0,0,0,0
"33",1,0,0,1425,0,0,0,222,1426,"t","t","c","c",0,0,0.000701262272089762,0,0.000701262272089762,0,0.000701262272089762,0.000701262272089762,0.000701262272089762,0.000701262272089762
"34",0,1426,0,0,0,0,0,223,1426,"c","c","t","t",0,0,0,0,0,0,0,0,0,0
"35",0,0,0,1425,1,0,0,224,1425,"t","t","c","c",0,0,0,0,0,0,0,0,0,0
"36",1,1423,0,2,0,0,0,225,1426,"c","c","t","t",0.00140252454417952,0.00140252454417952,0.000701262272089762,0,0.000701262272089762,0,0.000701262272089762,0.000701262272089762,0.00210378681626928,0.00210378681626928
"37",1,0,0,1425,0,0,0,226,1426,"t","t","c","c",0,0,0.000701262272089762,0,0.000701262272089762,0,0.000701262272089762,0.000701262272089762,0.000701262272089762,0.000701262272089762
"38",0,0,1,1425,0,0,0,227,1426,"t","t","c","c",0,0,0,0.000701262272089762,0,0.000701262272089762,0.000701262272089762,0.000701262272089762,0.000701262272089762,0.000701262272089762
"39",1,0,0,1425,0,0,0,228,1426,"t","t","c","c",0,0,0.000701262272089762,0,0.000701262272089762,0,0.000701262272089762,0.000701262272089762,0.000701262272089762,0.000701262272089762
"40",0,0,1426,0,0,0,0,229,1426,"g","g","a","a",0,0,0,0,0,0,0,0,0,0
"41",1426,0,0,0,0,0,0,230,1426,"a","a","g","g",0,0,0,0,0,0,0,0,0,0
"42",0,0,1425,0,1,0,0,231,1425,"g","g","a","a",0,0,0,0,0,0,0,0,0,0
"43",1426,0,0,0,0,0,0,232,1426,"a","a","g","g",0,0,0,0,0,0,0,0,0,0
"44",1,1425,0,0,0,0,0,233,1426,"c","c","t","t",0,0,0.000701262272089762,0,0.000701262272089762,0,0.000701262272089762,0.000701262272089762,0.000701262272089762,0.000701262272089762
"45",1,1425,0,0,0,0,0,234,1426,"c","c","t","t",0,0,0.000701262272089762,0,0.000701262272089762,0,0.000701262272089762,0.000701262272089762,0.000701262272089762,0.000701262272089762
"46",1,0,0,1425,0,0,0,235,1426,"t","t","c","c",0,0,0.000701262272089762,0,0.000701262272089762,0,0.000701262272089762,0.000701262272089762,0.000701262272089762,0.000701262272089762
"47",1,1425,0,0,0,0,0,236,1426,"c","c","t","t",0,0,0.000701262272089762,0,0.000701262272089762,0,0.000701262272089762,0.000701262272089762,0.000701262272089762,0.000701262272089762
"48",0,0,0,1426,0,0,0,237,1426,"t","t","c","c",0,0,0,0,0,0,0,0,0,0
"49",1425,0,1,0,0,0,0,238,1426,"a","a","g","g",0.000701262272089762,0.000701262272089762,0,0,0,0,0,0,0.000701262272089762,0.000701262272089762
"50",1,0,0,1425,0,0,0,239,1426,"t","t","c","c",0,0,0.000701262272089762,0,0.000701262272089762,0,0.000701262272089762,0.000701262272089762,0.000701262272089762,0.000701262272089762
"51",1426,0,0,0,0,0,0,240,1426,"a","a","g","g",0,0,0,0,0,0,0,0,0,0
"52",1425,0,1,0,0,0,0,241,1426,"a","a","g","g",0.000701262272089762,0.000701262272089762,0,0,0,0,0,0,0.000701262272089762,0.000701262272089762
"53",1420,1,5,0,0,0,0,242,1426,"a","a","g","g",0.00350631136044881,0.00350631136044881,0.000701262272089762,0,0.000701262272089762,0,0.000701262272089762,0.000701262272089762,0.00420757363253857,0.00420757363253857
"54",1426,0,0,0,0,0,0,243,1426,"a","a","g","g",0,0,0,0,0,0,0,0,0,0
"55",1,1425,0,0,0,0,0,244,1426,"c","c","t","t",0,0,0.000701262272089762,0,0.000701262272089762,0,0.000701262272089762,0.000701262272089762,0.000701262272089762,0.000701262272089762
"56",0,1426,0,0,0,0,0,245,1426,"c","c","t","t",0,0,0,0,0,0,0,0,0,0
"57",0,1426,0,0,0,0,0,246,1426,"c","c","t","t",0,0,0,0,0,0,0,0,0,0
"58",0,0,0,1426,0,0,0,247,1426,"t","t","c","c",0,0,0,0,0,0,0,0,0,0
"59",0,0,1426,0,0,0,0,248,1426,"g","g","a","a",0,0,0,0,0,0,0,0,0,0
"60",0,0,0,1426,0,0,0,249,1426,"t","t","c","c",0,0,0,0,0,0,0,0,0,0
"61",0,0,1426,0,0,0,0,250,1426,"g","g","a","a",0,0,0,0,0,0,0,0,0,0
"62",0,1,0,1425,0,0,0,251,1426,"t","t","c","c",0.000701262272089762,0.000701262272089762,0,0,0,0,0,0,0.000701262272089762,0.000701262272089762
"63",1425,1,0,0,0,0,0,252,1426,"a","a","g","g",0,0,0.000701262272089762,0,0.000701262272089762,0,0.000701262272089762,0.000701262272089762,0.000701262272089762,0.000701262272089762
"64",1426,0,0,0,0,0,0,253,1426,"a","a","g","g",0,0,0,0,0,0,0,0,0,0
"65",1420,1,5,0,0,0,0,254,1426,"a","a","g","g",0.00350631136044881,0.00350631136044881,0.000701262272089762,0,0.000701262272089762,0,0.000701262272089762,0.000701262272089762,0.00420757363253857,0.00420757363253857
"66",1424,0,2,0,0,0,0,255,1426,"a","a","g","g",0.00140252454417952,0.00140252454417952,0,0,0,0,0,0,0.00140252454417952,0.00140252454417952
"67",0,0,1,1425,0,0,0,256,1426,"t","t","c","c",0,0,0,0.000701262272089762,0,0.000701262272089762,0.000701262272089762,0.000701262272089762,0.000701262272089762,0.000701262272089762
"68",0,0,0,1426,0,0,0,257,1426,"t","t","c","c",0,0,0,0,0,0,0,0,0,0
"69",1,0,1425,0,0,0,0,258,1426,"g","g","a","a",0.000701262272089762,0.000701262272089762,0,0,0,0,0,0,0.000701262272089762,0.000701262272089762
"70",1425,0,0,0,1,0,0,259,1425,"a","a","g","g",0,0,0,0,0,0,0,0,0,0
"71",0,1424,0,0,2,0,0,260,1424,"c","c","t","t",0,0,0,0,0,0,0,0,0,0
"72",0,1425,0,0,1,0,0,261,1425,"c","c","t","t",0,0,0,0,0,0,0,0,0,0
"73",0,1425,0,0,1,0,0,262,1425,"c","c","t","t",0,0,0,0,0,0,0,0,0,0
"74",0,1425,1,0,0,0,0,263,1426,"c","c","t","t",0,0,0,0.000701262272089762,0,0.000701262272089762,0.000701262272089762,0.000701262272089762,0.000701262272089762,0.000701262272089762
"75",0,1425,1,0,0,0,0,264,1426,"c","c","t","t",0,0,0,0.000701262272089762,0,0.000701262272089762,0.000701262272089762,0.000701262272089762,0.000701262272089762,0.000701262272089762
"76",0,1,0,1425,0,0,0,265,1426,"t","t","c","c",0.000701262272089762,0.000701262272089762,0,0,0,0,0,0,0.000701262272089762,0.000701262272089762
"77",0,0,1,1425,0,0,0,266,1426,"t","t","c","c",0,0,0,0.000701262272089762,0,0.000701262272089762,0.000701262272089762,0.000701262272089762,0.000701262272089762,0.000701262272089762
"78",1426,0,0,0,0,0,0,267,1426,"a","a","g","g",0,0,0,0,0,0,0,0,0,0
"79",0,1,0,1425,0,0,0,268,1426,"t","t","c","c",0.000701262272089762,0.000701262272089762,0,0,0,0,0,0,0.000701262272089762,0.000701262272089762
"80",0,0,1426,0,0,0,0,269,1426,"g","g","a","a",0,0,0,0,0,0,0,0,0,0
"81",0,1425,0,0,1,0,0,270,1425,"c","c","t","t",0,0,0,0,0,0,0,0,0,0
"82",1426,0,0,0,0,0,0,271,1426,"a","a","g","g",0,0,0,0,0,0,0,0,0,0
"83",0,0,0,1426,0,0,0,272,1426,"t","t","c","c",0,0,0,0,0,0,0,0,0,0
"84",1,0,0,1425,0,0,0,273,1426,"t","t","c","c",0,0,0.000701262272089762,0,0.000701262272089762,0,0.000701262272089762,0.000701262272089762,0.000701262272089762,0.000701262272089762
"85",1398,0,28,0,0,0,0,274,1426,"a","a","g","g",0.0196353436185133,0.0196353436185133,0,0,0,0,0,0,0.0196353436185133,0.0196353436185133
"86",0,1424,0,2,0,0,0,275,1426,"c","c","t","t",0.00140252454417952,0.00140252454417952,0,0,0,0,0,0,0.00140252454417952,0.00140252454417952
"87",0,1425,1,0,0,0,0,276,1426,"c","c","t","t",0,0,0,0.000701262272089762,0,0.000701262272089762,0.000701262272089762,0.000701262272089762,0.000701262272089762,0.000701262272089762
"88",1426,0,0,0,0,0,0,277,1426,"a","a","g","g",0,0,0,0,0,0,0,0,0,0
"89",1,0,0,1425,0,0,0,278,1426,"t","t","c","c",0,0,0.000701262272089762,0,0.000701262272089762,0,0.000701262272089762,0.000701262272089762,0.000701262272089762,0.000701262272089762
"90",0,0,1426,0,0,0,0,279,1426,"g","g","a","a",0,0,0,0,0,0,0,0,0,0
"91",1426,0,0,0,0,0,0,280,1426,"a","a","g","g",0,0,0,0,0,0,0,0,0,0
"92",135,0,1291,0,0,0,0,281,1426,"g","g","a","a",0.0946704067321178,0.0946704067321178,0,0,0,0,0,0,0.0946704067321178,0.0946704067321178
"93",1425,0,1,0,0,0,0,282,1426,"a","a","g","g",0.000701262272089762,0.000701262272089762,0,0,0,0,0,0,0.000701262272089762,0.000701262272089762
"94",0,0,0,1425,1,0,0,283,1425,"t","t","c","c",0,0,0,0,0,0,0,0,0,0
"95",0,1,1425,0,0,0,0,284,1426,"g","g","a","a",0,0,0.000701262272089762,0,0.000701262272089762,0,0.000701262272089762,0.000701262272089762,0.000701262272089762,0.000701262272089762
"96",0,1426,0,0,0,0,0,285,1426,"c","c","t","t",0,0,0,0,0,0,0,0,0,0
"97",1425,0,1,0,0,0,0,286,1426,"a","a","g","g",0.000701262272089762,0.000701262272089762,0,0,0,0,0,0,0.000701262272089762,0.000701262272089762
"98",1422,0,4,0,0,0,0,287,1426,"a","a","g","g",0.00280504908835905,0.00280504908835905,0,0,0,0,0,0,0.00280504908835905,0.00280504908835905
"99",0,3,0,1422,1,0,0,288,1425,"t","t","c","c",0.00210526315789474,0.00210526315789474,0,0,0,0,0,0,0.00210526315789474,0.00210526315789474
"100",1426,0,0,0,0,0,0,289,1426,"a","a","g","g",0,0,0,0,0,0,0,0,0,0
"101",1426,0,0,0,0,0,0,290,1426,"a","a","g","g",0,0,0,0,0,0,0,0,0,0
"102",0,0,1426,0,0,0,0,291,1426,"g","g","a","a",0,0,0,0,0,0,0,0,0,0
"103",1425,0,1,0,0,0,0,292,1426,"a","a","g","g",0.000701262272089762,0.000701262272089762,0,0,0,0,0,0,0.000701262272089762,0.000701262272089762
"104",0,1424,0,1,1,0,0,293,1425,"c","c","t","t",0.000701754385964912,0.000701754385964912,0,0,0,0,0,0,0.000701754385964912,0.000701754385964912
"105",1387,0,39,0,0,0,0,294,1426,"a","a","g","g",0.0273492286115007,0.0273492286115007,0,0,0,0,0,0,0.0273492286115007,0.0273492286115007
"106",2,0,1424,0,0,0,0,295,1426,"g","g","a","a",0.00140252454417952,0.00140252454417952,0,0,0,0,0,0,0.00140252454417952,0.00140252454417952
"107",1426,0,0,0,0,0,0,296,1426,"a","a","g","g",0,0,0,0,0,0,0,0,0,0
"108",505,0,57,864,0,0,0,297,1426,"t","t","c","c",0,0,0.35413744740533,0.0399719495091164,0.35413744740533,0.0399719495091164,0.394109396914446,0.394109396914446,0.394109396914446,0.394109396914446
"109",1425,1,0,0,0,0,0,298,1426,"a","a","g","g",0,0,0.000701262272089762,0,0.000701262272089762,0,0.000701262272089762,0.000701262272089762,0.000701262272089762,0.000701262272089762
"110",1,1425,0,0,0,0,0,299,1426,"c","c","t","t",0,0,0.000701262272089762,0,0.000701262272089762,0,0.000701262272089762,0.000701262272089762,0.000701262272089762,0.000701262272089762
"111",1425,1,0,0,0,0,0,300,1426,"a","a","g","g",0,0,0.000701262272089762,0,0.000701262272089762,0,0.000701262272089762,0.000701262272089762,0.000701262272089762,0.000701262272089762
"112",0,1,1425,0,0,0,0,301,1426,"g","g","a","a",0,0,0.000701262272089762,0,0.000701262272089762,0,0.000701262272089762,0.000701262272089762,0.000701262272089762,0.000701262272089762
"113",1425,0,1,0,0,0,0,302,1426,"a","a","g","g",0.000701262272089762,0.000701262272089762,0,0,0,0,0,0,0.000701262272089762,0.000701262272089762
"114",1,511,0,914,0,0,0,303,1426,"t","t","c","c",0.358345021037868,0.358345021037868,0.000701262272089762,0,0.000701262272089762,0,0.000701262272089762,0.000701262272089762,0.359046283309958,0.359046283309958
"115",1426,0,0,0,0,0,0,304,1426,"a","a","g","g",0,0,0,0,0,0,0,0,0,0
"116",347,0,1079,0,0,0,0,305,1426,"g","g","a","a",0.243338008415147,0.243338008415147,0,0,0,0,0,0,0.243338008415147,0.243338008415147
"117",1425,0,1,0,0,0,0,306,1426,"a","a","g","g",0.000701262272089762,0.000701262272089762,0,0,0,0,0,0,0.000701262272089762,0.000701262272089762
"118",1,0,0,1425,0,0,0,307,1426,"t","t","c","c",0,0,0.000701262272089762,0,0.000701262272089762,0,0.000701262272089762,0.000701262272089762,0.000701262272089762,0.000701262272089762
"119",3,0,1423,0,0,0,0,308,1426,"g","g","a","a",0.00210378681626928,0.00210378681626928,0,0,0,0,0,0,0.00210378681626928,0.00210378681626928
"120",1,0,1425,0,0,0,0,309,1426,"g","g","a","a",0.000701262272089762,0.000701262272089762,0,0,0,0,0,0,0.000701262272089762,0.000701262272089762
"121",1,0,1425,0,0,0,0,310,1426,"g","g","a","a",0.000701262272089762,0.000701262272089762,0,0,0,0,0,0,0.000701262272089762,0.000701262272089762
"122",0,0,1426,0,0,0,0,311,1426,"g","g","a","a",0,0,0,0,0,0,0,0,0,0
"123",3,0,1423,0,0,0,0,312,1426,"g","g","a","a",0.00210378681626928,0.00210378681626928,0,0,0,0,0,0,0.00210378681626928,0.00210378681626928
"124",1,0,0,1425,0,0,0,313,1426,"t","t","c","c",0,0,0.000701262272089762,0,0.000701262272089762,0,0.000701262272089762,0.000701262272089762,0.000701262272089762,0.000701262272089762
"125",0,0,1,1425,0,0,0,314,1426,"t","t","c","c",0,0,0,0.000701262272089762,0,0.000701262272089762,0.000701262272089762,0.000701262272089762,0.000701262272089762,0.000701262272089762
"126",1426,0,0,0,0,0,0,315,1426,"a","a","g","g",0,0,0,0,0,0,0,0,0,0
"127",1426,0,0,0,0,0,0,316,1426,"a","a","g","g",0,0,0,0,0,0,0,0,0,0
"128",1,1425,0,0,0,0,0,317,1426,"c","c","t","t",0,0,0.000701262272089762,0,0.000701262272089762,0,0.000701262272089762,0.000701262272089762,0.000701262272089762,0.000701262272089762
"129",1423,0,2,1,0,0,0,318,1426,"a","a","g","g",0.00140252454417952,0.00140252454417952,0,0.000701262272089762,0,0.000701262272089762,0.000701262272089762,0.000701262272089762,0.00210378681626928,0.00210378681626928
"130",0,0,1426,0,0,0,0,319,1426,"g","g","a","a",0,0,0,0,0,0,0,0,0,0
"131",0,0,1425,1,0,0,0,320,1426,"g","g","a","a",0,0,0,0.000701262272089762,0,0.000701262272089762,0.000701262272089762,0.000701262272089762,0.000701262272089762,0.000701262272089762
"132",2,0,1424,0,0,0,0,321,1426,"g","g","a","a",0.00140252454417952,0.00140252454417952,0,0,0,0,0,0,0.00140252454417952,0.00140252454417952
"133",1425,0,1,0,0,0,0,322,1426,"a","a","g","g",0.000701262272089762,0.000701262272089762,0,0,0,0,0,0,0.000701262272089762,0.000701262272089762
"134",1426,0,0,0,0,0,0,323,1426,"a","a","g","g",0,0,0,0,0,0,0,0,0,0
"135",0,0,1,1425,0,319,0,324,1426,"t","t","c","c",0,0,0,0.000701262272089762,0,0.000701262272089762,0.000701262272089762,0.000701262272089762,0.000701262272089762,0.000701262272089762
"136",4,0,1422,0,0,312,0,325,1426,"g","g","a","a",0.00280504908835905,0.00280504908835905,0,0,0,0,0,0,0.00280504908835905,0.00280504908835905
"137",295,32,1,1098,0,15,0,326,1426,"t","t","c","c",0.0224403927068724,0.0224403927068724,0.20687237026648,0.000701262272089762,0.20687237026648,0.000701262272089762,0.207573632538569,0.207573632538569,0.230014025245442,0.230014025245442
"138",1425,0,1,0,0,162,0,327,1426,"a","a","g","g",0.000701262272089762,0.000701262272089762,0,0,0,0,0,0,0.000701262272089762,0.000701262272089762
"139",0,1422,1,0,3,473,0,328,1423,"c","c","t","t",0,0,0,0.000702740688685875,0,0.000702740688685875,0.000702740688685875,0.000702740688685875,0.000702740688685875,0.000702740688685875
"140",0,1425,0,0,1,1,0,329,1425,"c","c","t","t",0,0,0,0,0,0,0,0,0,0
"141",1424,0,0,0,2,1,0,330,1424,"a","a","g","g",0,0,0,0,0,0,0,0,0,0
"142",1424,0,0,0,2,0,0,331,1424,"a","a","g","g",0,0,0,0,0,0,0,0,0,0
"143",0,1425,0,0,1,0,0,332,1425,"c","c","t","t",0,0,0,0,0,0,0,0,0,0
"144",1425,0,1,0,0,0,0,333,1426,"a","a","g","g",0.000701262272089762,0.000701262272089762,0,0,0,0,0,0,0.000701262272089762,0.000701262272089762
"145",1425,0,1,0,0,0,0,334,1426,"a","a","g","g",0.000701262272089762,0.000701262272089762,0,0,0,0,0,0,0.000701262272089762,0.000701262272089762
"146",1,1425,0,0,0,0,0,335,1426,"c","c","t","t",0,0,0.000701262272089762,0,0.000701262272089762,0,0.000701262272089762,0.000701262272089762,0.000701262272089762,0.000701262272089762
"147",1425,0,0,0,1,0,0,336,1425,"a","a","g","g",0,0,0,0,0,0,0,0,0,0
"148",1424,0,2,0,0,0,0,337,1426,"a","a","g","g",0.00140252454417952,0.00140252454417952,0,0,0,0,0,0,0.00140252454417952,0.00140252454417952
"149",0,1423,1,1,1,2,0,338,1425,"c","c","t","t",0.000701754385964912,0.000701754385964912,0,0.000701754385964912,0,0.000701754385964912,0.000701754385964912,0.000701754385964912,0.00140350877192982,0.00140350877192982
"150",1426,0,0,0,0,2,0,339,1426,"a","a","g","g",0,0,0,0,0,0,0,0,0,0
"151",441,1,983,0,1,2,0,340,1425,"g","g","a","a",0.309473684210526,0.309473684210526,0.000701754385964912,0,0.000701754385964912,0,0.000701754385964912,0.000701754385964912,0.310175438596491,0.310175438596491
"152",0,1425,0,1,0,1,0,341,1426,"c","c","t","t",0.000701262272089762,0.000701262272089762,0,0,0,0,0,0,0.000701262272089762,0.000701262272089762
"153",1426,0,0,0,0,0,0,342,1426,"a","a","g","g",0,0,0,0,0,0,0,0,0,0
"154",1419,0,5,2,0,0,0,343,1426,"a","a","g","g",0.00350631136044881,0.00350631136044881,0,0.00140252454417952,0,0.00140252454417952,0.00140252454417952,0.00140252454417952,0.00490883590462833,0.00490883590462833
"155",1,1424,0,0,1,423,0,344,1425,"c","c","t","t",0,0,0.000701754385964912,0,0.000701754385964912,0,0.000701754385964912,0.000701754385964912,0.000701754385964912,0.000701754385964912
"156",1425,0,1,0,0,423,0,345,1426,"a","a","g","g",0.000701262272089762,0.000701262272089762,0,0,0,0,0,0,0.000701262272089762,0.000701262272089762
"157",1400,0,26,0,0,423,0,346,1426,"a","a","g","g",0.0182328190743338,0.0182328190743338,0,0,0,0,0,0,0.0182328190743338,0.0182328190743338
"158",0,1425,0,0,1,0,0,347,1425,"c","c","t","t",0,0,0,0,0,0,0,0,0,0
"159",1425,0,1,0,0,0,0,348,1426,"a","a","g","g",0.000701262272089762,0.000701262272089762,0,0,0,0,0,0,0.000701262272089762,0.000701262272089762
"160",3,0,0,1423,0,0,0,349,1426,"t","t","c","c",0,0,0.00210378681626928,0,0.00210378681626928,0,0.00210378681626928,0.00210378681626928,0.00210378681626928,0.00210378681626928
"161",0,1426,0,0,0,0,0,350,1426,"c","c","t","t",0,0,0,0,0,0,0,0,0,0
"162",1425,0,0,0,1,0,0,351,1425,"a","a","g","g",0,0,0,0,0,0,0,0,0,0
"163",1425,1,0,0,0,0,0,352,1426,"a","a","g","g",0,0,0.000701262272089762,0,0.000701262272089762,0,0.000701262272089762,0.000701262272089762,0.000701262272089762,0.000701262272089762
"164",0,1425,0,1,0,0,0,353,1426,"c","c","t","t",0.000701262272089762,0.000701262272089762,0,0,0,0,0,0,0.000701262272089762,0.000701262272089762
"165",1426,0,0,0,0,0,0,354,1426,"a","a","g","g",0,0,0,0,0,0,0,0,0,0
"166",1422,3,1,0,0,0,0,355,1426,"a","a","g","g",0.000701262272089762,0.000701262272089762,0.00210378681626928,0,0.00210378681626928,0,0.00210378681626928,0.00210378681626928,0.00280504908835905,0.00280504908835905
"167",0,1423,0,2,1,0,0,356,1425,"c","c","t","t",0.00140350877192982,0.00140350877192982,0,0,0,0,0,0,0.00140350877192982,0.00140350877192982
"168",1424,0,2,0,0,0,0,357,1426,"a","a","g","g",0.00140252454417952,0.00140252454417952,0,0,0,0,0,0,0.00140252454417952,0.00140252454417952
"169",1425,0,0,1,0,0,0,358,1426,"a","a","g","g",0,0,0,0.000701262272089762,0,0.000701262272089762,0.000701262272089762,0.000701262272089762,0.000701262272089762,0.000701262272089762
"170",1,1421,0,1,3,0,0,359,1423,"c","c","t","t",0.000702740688685875,0.000702740688685875,0.000702740688685875,0,0.000702740688685875,0,0.000702740688685875,0.000702740688685875,0.00140548137737175,0.00140548137737175
"171",1425,0,0,1,0,0,0,360,1426,"a","a","g","g",0,0,0,0.000701262272089762,0,0.000701262272089762,0.000701262272089762,0.000701262272089762,0.000701262272089762,0.000701262272089762
"172",0,1423,0,0,3,0,0,361,1423,"c","c","t","t",0,0,0,0,0,0,0,0,0,0
"173",2,1422,0,1,1,0,0,362,1425,"c","c","t","t",0.000701754385964912,0.000701754385964912,0.00140350877192982,0,0.00140350877192982,0,0.00140350877192982,0.00140350877192982,0.00210526315789474,0.00210526315789474
"174",1422,0,3,1,0,0,0,363,1426,"a","a","g","g",0.00210378681626928,0.00210378681626928,0,0.000701262272089762,0,0.000701262272089762,0.000701262272089762,0.000701262272089762,0.00280504908835905,0.00280504908835905
"175",1422,0,4,0,0,1,0,364,1426,"a","a","g","g",0.00280504908835905,0.00280504908835905,0,0,0,0,0,0,0.00280504908835905,0.00280504908835905
"176",1425,0,1,0,0,0,0,365,1426,"a","a","g","g",0.000701262272089762,0.000701262272089762,0,0,0,0,0,0,0.000701262272089762,0.000701262272089762
"177",1424,0,2,0,0,454,0,366,1426,"a","a","g","g",0.00140252454417952,0.00140252454417952,0,0,0,0,0,0,0.00140252454417952,0.00140252454417952
"178",0,0,1426,0,0,17,0,367,1426,"g","g","a","a",0,0,0,0,0,0,0,0,0,0
"179",1423,0,0,0,3,16,0,368,1423,"a","a","g","g",0,0,0,0,0,0,0,0,0,0
"180",1424,0,1,1,0,438,0,369,1426,"a","a","g","g",0.000701262272089762,0.000701262272089762,0,0.000701262272089762,0,0.000701262272089762,0.000701262272089762,0.000701262272089762,0.00140252454417952,0.00140252454417952
"181",1421,0,5,0,0,437,0,370,1426,"a","a","g","g",0.00350631136044881,0.00350631136044881,0,0,0,0,0,0,0.00350631136044881,0.00350631136044881
"182",0,1426,0,0,0,0,0,371,1426,"c","c","t","t",0,0,0,0,0,0,0,0,0,0
"183",1424,0,1,0,1,0,0,372,1425,"a","a","g","g",0.000701754385964912,0.000701754385964912,0,0,0,0,0,0,0.000701754385964912,0.000701754385964912
"184",988,0,437,0,1,0,0,373,1425,"a","a","g","g",0.306666666666667,0.306666666666667,0,0,0,0,0,0,0.306666666666667,0.306666666666667
"185",1424,0,2,0,0,0,0,374,1426,"a","a","g","g",0.00140252454417952,0.00140252454417952,0,0,0,0,0,0,0.00140252454417952,0.00140252454417952
"186",0,0,1,1425,0,0,0,375,1426,"t","t","c","c",0,0,0,0.000701262272089762,0,0.000701262272089762,0.000701262272089762,0.000701262272089762,0.000701262272089762,0.000701262272089762
"187",6,0,1420,0,0,0,0,376,1426,"g","g","a","a",0.00420757363253857,0.00420757363253857,0,0,0,0,0,0,0.00420757363253857,0.00420757363253857
"188",0,1,0,1425,0,0,0,377,1426,"t","t","c","c",0.000701262272089762,0.000701262272089762,0,0,0,0,0,0,0.000701262272089762,0.000701262272089762
"189",1,0,1,1424,0,0,0,378,1426,"t","t","c","c",0,0,0.000701262272089762,0.000701262272089762,0.000701262272089762,0.000701262272089762,0.00140252454417952,0.00140252454417952,0.00140252454417952,0.00140252454417952
"190",0,0,1426,0,0,0,0,379,1426,"g","g","a","a",0,0,0,0,0,0,0,0,0,0
"191",0,0,0,1426,0,0,0,380,1426,"t","t","c","c",0,0,0,0,0,0,0,0,0,0
"192",1423,0,2,0,1,0,0,381,1425,"a","a","g","g",0.00140350877192982,0.00140350877192982,0,0,0,0,0,0,0.00140350877192982,0.00140350877192982
"193",1408,0,18,0,0,0,0,382,1426,"a","a","g","g",0.0126227208976157,0.0126227208976157,0,0,0,0,0,0,0.0126227208976157,0.0126227208976157
"194",1426,0,0,0,0,0,0,383,1426,"a","a","g","g",0,0,0,0,0,0,0,0,0,0
"195",1,0,0,1425,0,0,0,384,1426,"t","t","c","c",0,0,0.000701262272089762,0,0.000701262272089762,0,0.000701262272089762,0.000701262272089762,0.000701262272089762,0.000701262272089762
"196",6,0,1420,0,0,0,0,385,1426,"g","g","a","a",0.00420757363253857,0.00420757363253857,0,0,0,0,0,0,0.00420757363253857,0.00420757363253857
"197",1426,0,0,0,0,0,0,386,1426,"a","a","g","g",0,0,0,0,0,0,0,0,0,0
"198",1402,0,23,0,0,0,0,387,1425,"a","a","g","g",0.016140350877193,0.016140350877193,0,0,0,0,0,0,0.016140350877193,0.016140350877193
"199",1425,0,0,0,0,0,0,388,1425,"a","a","g","g",0,0,0,0,0,0,0,0,0,0
"200",2,1423,0,0,0,0,0,389,1425,"c","c","t","t",0,0,0.00140350877192982,0,0.00140350877192982,0,0.00140350877192982,0.00140350877192982,0.00140350877192982,0.00140350877192982
"201",0,0,0,1425,0,0,0,390,1425,"t","t","c","c",0,0,0,0,0,0,0,0,0,0
"202",1425,0,0,0,0,0,0,391,1425,"a","a","g","g",0,0,0,0,0,0,0,0,0,0
"203",0,0,1425,0,0,0,0,392,1425,"g","g","a","a",0,0,0,0,0,0,0,0,0,0
"204",0,8,0,1417,0,0,0,393,1425,"t","t","c","c",0.0056140350877193,0.0056140350877193,0,0,0,0,0,0,0.0056140350877193,0.0056140350877193
"205",0,0,0,1425,0,0,0,394,1425,"t","t","c","c",0,0,0,0,0,0,0,0,0,0
"206",0,1422,0,3,0,0,0,395,1425,"c","c","t","t",0.00210526315789474,0.00210526315789474,0,0,0,0,0,0,0.00210526315789474,0.00210526315789474
"207",0,1,0,1424,0,0,0,396,1425,"t","t","c","c",0.000701754385964912,0.000701754385964912,0,0,0,0,0,0,0.000701754385964912,0.000701754385964912
"208",0,0,0,1425,0,0,0,397,1425,"t","t","c","c",0,0,0,0,0,0,0,0,0,0
"209",0,0,1425,0,0,0,0,398,1425,"g","g","a","a",0,0,0,0,0,0,0,0,0,0
"210",0,0,0,1425,0,0,0,399,1425,"t","t","c","c",0,0,0,0,0,0,0,0,0,0
"211",0,0,1425,0,0,0,0,400,1425,"g","g","a","a",0,0,0,0,0,0,0,0,0,0
"212",0,0,0,1425,0,2,0,401,1425,"t","t","c","c",0,0,0,0,0,0,0,0,0,0
"213",1425,0,0,0,0,0,0,402,1425,"a","a","g","g",0,0,0,0,0,0,0,0,0,0
"214",1425,0,0,0,0,0,0,403,1425,"a","a","g","g",0,0,0,0,0,0,0,0,0,0
"215",1425,0,0,0,0,0,0,404,1425,"a","a","g","g",0,0,0,0,0,0,0,0,0,0
"216",1423,0,2,0,0,0,0,405,1425,"a","a","g","g",0.00140350877192982,0.00140350877192982,0,0,0,0,0,0,0.00140350877192982,0.00140350877192982
"217",1423,0,2,0,0,0,0,406,1425,"a","a","g","g",0.00140350877192982,0.00140350877192982,0,0,0,0,0,0,0.00140350877192982,0.00140350877192982
"218",1421,1,3,0,0,0,0,407,1425,"a","a","g","g",0.00210526315789474,0.00210526315789474,0.000701754385964912,0,0.000701754385964912,0,0.000701754385964912,0.000701754385964912,0.00280701754385965,0.00280701754385965
"219",0,1425,0,0,0,0,0,408,1425,"c","c","t","t",0,0,0,0,0,0,0,0,0,0
"220",1424,0,1,0,0,0,0,409,1425,"a","a","g","g",0.000701754385964912,0.000701754385964912,0,0,0,0,0,0,0.000701754385964912,0.000701754385964912
"221",1425,0,0,0,0,0,0,410,1425,"a","a","g","g",0,0,0,0,0,0,0,0,0,0
"222",0,1,0,1424,0,0,0,411,1425,"t","t","c","c",0.000701754385964912,0.000701754385964912,0,0,0,0,0,0,0.000701754385964912,0.000701754385964912
"223",1425,0,0,0,0,0,0,412,1425,"a","a","g","g",0,0,0,0,0,0,0,0,0,0
"224",1425,0,0,0,0,0,0,413,1425,"a","a","g","g",0,0,0,0,0,0,0,0,0,0
"225",0,1,0,1424,0,0,0,414,1425,"t","t","c","c",0.000701754385964912,0.000701754385964912,0,0,0,0,0,0,0.000701754385964912,0.000701754385964912
"226",0,0,0,1425,0,0,0,415,1425,"t","t","c","c",0,0,0,0,0,0,0,0,0,0
"227",0,0,1425,0,0,0,0,416,1425,"g","g","a","a",0,0,0,0,0,0,0,0,0,0
"228",0,0,0,1425,0,0,0,417,1425,"t","t","c","c",0,0,0,0,0,0,0,0,0,0
"229",1425,0,0,0,0,0,0,418,1425,"a","a","g","g",0,0,0,0,0,0,0,0,0,0
"230",0,1424,0,1,0,0,0,419,1425,"c","c","t","t",0.000701754385964912,0.000701754385964912,0,0,0,0,0,0,0.000701754385964912,0.000701754385964912
"231",1424,0,1,0,0,0,0,420,1425,"a","a","g","g",0.000701754385964912,0.000701754385964912,0,0,0,0,0,0,0.000701754385964912,0.000701754385964912
"232",0,0,1425,0,0,0,0,421,1425,"g","g","a","a",0,0,0,0,0,0,0,0,0,0
"233",0,0,1425,0,0,0,0,422,1425,"g","g","a","a",0,0,0,0,0,0,0,0,0,0
"234",0,1424,0,1,0,0,0,423,1425,"c","c","t","t",0.000701754385964912,0.000701754385964912,0,0,0,0,0,0,0.000701754385964912,0.000701754385964912
"235",0,0,0,1425,0,0,0,424,1425,"t","t","c","c",0,0,0,0,0,0,0,0,0,0
"236",0,0,0,1425,0,0,0,425,1425,"t","t","c","c",0,0,0,0,0,0,0,0,0,0
"237",1425,0,0,0,0,0,0,426,1425,"a","a","g","g",0,0,0,0,0,0,0,0,0,0
"238",0,0,1425,0,0,0,0,427,1425,"g","g","a","a",0,0,0,0,0,0,0,0,0,0
"239",775,0,650,0,0,0,0,428,1425,"a","a","g","g",0.456140350877193,0.456140350877193,0,0,0,0,0,0,0.456140350877193,0.456140350877193
"240",3,0,1422,0,0,0,0,429,1425,"g","g","a","a",0.00210526315789474,0.00210526315789474,0,0,0,0,0,0,0.00210526315789474,0.00210526315789474
"241",0,1425,0,0,0,0,0,430,1425,"c","c","t","t",0,0,0,0,0,0,0,0,0,0
"242",1186,235,4,0,0,0,0,431,1425,"a","c","g","t",0.00280701754385965,0,0.164912280701754,0,0.832280701754386,0.00280701754385965,0.164912280701754,0.835087719298246,0.167719298245614,0.835087719298246
"243",441,0,984,0,0,0,0,432,1425,"g","g","a","a",0.309473684210526,0.309473684210526,0,0,0,0,0,0,0.309473684210526,0.309473684210526
"244",0,0,1425,0,0,0,0,433,1425,"g","g","a","a",0,0,0,0,0,0,0,0,0,0
"245",1425,0,0,0,0,0,0,434,1425,"a","a","g","g",0,0,0,0,0,0,0,0,0,0
"246",1422,0,3,0,0,0,0,435,1425,"a","a","g","g",0.00210526315789474,0.00210526315789474,0,0,0,0,0,0,0.00210526315789474,0.00210526315789474
"247",0,1424,0,1,0,0,0,436,1425,"c","c","t","t",0.000701754385964912,0.000701754385964912,0,0,0,0,0,0,0.000701754385964912,0.000701754385964912
"248",0,1425,0,0,0,0,0,437,1425,"c","c","t","t",0,0,0,0,0,0,0,0,0,0
"249",1425,0,0,0,0,0,0,438,1425,"a","a","g","g",0,0,0,0,0,0,0,0,0,0
"250",1425,0,0,0,0,0,0,439,1425,"a","a","g","g",0,0,0,0,0,0,0,0,0,0
"251",0,1,0,1424,0,0,0,440,1425,"t","t","c","c",0.000701754385964912,0.000701754385964912,0,0,0,0,0,0,0.000701754385964912,0.000701754385964912
"252",0,0,1425,0,0,0,0,441,1425,"g","g","a","a",0,0,0,0,0,0,0,0,0,0
"253",0,0,1425,0,0,0,0,442,1425,"g","g","a","a",0,0,0,0,0,0,0,0,0,0
"254",0,0,0,1425,0,0,0,443,1425,"t","t","c","c",0,0,0,0,0,0,0,0,0,0
"255",1423,0,1,0,1,0,0,444,1424,"a","a","g","g",0.000702247191011236,0.000702247191011236,0,0,0,0,0,0,0.000702247191011236,0.000702247191011236
"256",1425,0,0,0,0,0,0,445,1425,"a","a","g","g",0,0,0,0,0,0,0,0,0,0
"257",0,0,1425,0,0,0,0,446,1425,"g","g","a","a",0,0,0,0,0,0,0,0,0,0
"258",0,1423,0,2,0,0,0,447,1425,"c","c","t","t",0.00140350877192982,0.00140350877192982,0,0,0,0,0,0,0.00140350877192982,0.00140350877192982
"259",0,0,0,1425,0,0,0,448,1425,"t","t","c","c",0,0,0,0,0,0,0,0,0,0
"260",0,0,1425,0,0,0,0,449,1425,"g","g","a","a",0,0,0,0,0,0,0,0,0,0
"261",0,0,0,1425,0,0,0,450,1425,"t","t","c","c",0,0,0,0,0,0,0,0,0,0
"262",1425,0,0,0,0,0,0,451,1425,"a","a","g","g",0,0,0,0,0,0,0,0,0,0
"263",1425,0,0,0,0,0,0,452,1425,"a","a","g","g",0,0,0,0,0,0,0,0,0,0
"264",1422,0,2,0,0,0,0,453,1424,"a","a","g","g",0.00140449438202247,0.00140449438202247,0,0,0,0,0,0,0.00140449438202247,0.00140449438202247
"265",0,0,0,1425,0,0,0,454,1425,"t","t","c","c",0,0,0,0,0,0,0,0,0,0
"266",0,0,0,1425,0,0,0,455,1425,"t","t","c","c",0,0,0,0,0,0,0,0,0,0
"267",0,0,0,1425,0,0,0,456,1425,"t","t","c","c",0,0,0,0,0,0,0,0,0,0
"268",1426,0,0,0,0,0,0,457,1426,"a","a","g","g",0,0,0,0,0,0,0,0,0,0
"269",1425,0,0,1,0,0,0,458,1426,"a","a","g","g",0,0,0,0.000701262272089762,0,0.000701262272089762,0.000701262272089762,0.000701262272089762,0.000701262272089762,0.000701262272089762
"270",0,1399,0,27,0,0,0,459,1426,"c","c","t","t",0.0189340813464236,0.0189340813464236,0,0,0,0,0,0,0.0189340813464236,0.0189340813464236
"271",1426,0,0,0,0,0,0,460,1426,"a","a","g","g",0,0,0,0,0,0,0,0,0,0
"272",0,0,0,1425,1,0,0,461,1425,"t","t","c","c",0,0,0,0,0,0,0,0,0,0
"273",0,0,1426,0,0,0,0,462,1426,"g","g","a","a",0,0,0,0,0,0,0,0,0,0
"274",1426,0,0,0,0,0,0,463,1426,"a","a","g","g",0,0,0,0,0,0,0,0,0,0
"275",1,1425,0,0,0,0,0,464,1426,"c","c","t","t",0,0,0.000701262272089762,0,0.000701262272089762,0,0.000701262272089762,0.000701262272089762,0.000701262272089762,0.000701262272089762
"276",112,0,1,1313,0,0,0,465,1426,"t","t","c","c",0,0,0.0785413744740533,0.000701262272089762,0.0785413744740533,0.000701262272089762,0.0792426367461431,0.0792426367461431,0.0792426367461431,0.0792426367461431
"277",0,0,1426,0,0,0,0,466,1426,"g","g","a","a",0,0,0,0,0,0,0,0,0,0
"278",0,0,1425,1,0,0,0,467,1426,"g","g","a","a",0,0,0,0.000701262272089762,0,0.000701262272089762,0.000701262272089762,0.000701262272089762,0.000701262272089762,0.000701262272089762
"279",0,1,1425,0,0,0,0,468,1426,"g","g","a","a",0,0,0.000701262272089762,0,0.000701262272089762,0,0.000701262272089762,0.000701262272089762,0.000701262272089762,0.000701262272089762
"280",1,0,0,1424,1,0,0,469,1425,"t","t","c","c",0,0,0.000701754385964912,0,0.000701754385964912,0,0.000701754385964912,0.000701754385964912,0.000701754385964912,0.000701754385964912
"281",1,0,1,1424,0,1,0,470,1426,"t","t","c","c",0,0,0.000701262272089762,0.000701262272089762,0.000701262272089762,0.000701262272089762,0.00140252454417952,0.00140252454417952,0.00140252454417952,0.00140252454417952
"282",1425,1,0,0,0,0,0,471,1426,"a","a","g","g",0,0,0.000701262272089762,0,0.000701262272089762,0,0.000701262272089762,0.000701262272089762,0.000701262272089762,0.000701262272089762
"283",1426,0,0,0,0,0,0,472,1426,"a","a","g","g",0,0,0,0,0,0,0,0,0,0
"284",1426,0,0,0,0,0,0,473,1426,"a","a","g","g",0,0,0,0,0,0,0,0,0,0
"285",1426,0,0,0,0,0,0,474,1426,"a","a","g","g",0,0,0,0,0,0,0,0,0,0
"286",1422,0,4,0,0,0,0,475,1426,"a","a","g","g",0.00280504908835905,0.00280504908835905,0,0,0,0,0,0,0.00280504908835905,0.00280504908835905
"287",4,0,1422,0,0,0,0,476,1426,"g","g","a","a",0.00280504908835905,0.00280504908835905,0,0,0,0,0,0,0.00280504908835905,0.00280504908835905
"288",2,0,1424,0,0,0,0,477,1426,"g","g","a","a",0.00140252454417952,0.00140252454417952,0,0,0,0,0,0,0.00140252454417952,0.00140252454417952
"289",1,0,1425,0,0,0,0,478,1426,"g","g","a","a",0.000701262272089762,0.000701262272089762,0,0,0,0,0,0,0.000701262272089762,0.000701262272089762
"290",1426,0,0,0,0,0,0,479,1426,"a","a","g","g",0,0,0,0,0,0,0,0,0,0
"291",0,1426,0,0,0,0,0,480,1426,"c","c","t","t",0,0,0,0,0,0,0,0,0,0
"292",1421,0,2,0,3,0,0,481,1423,"a","a","g","g",0.00140548137737175,0.00140548137737175,0,0,0,0,0,0,0.00140548137737175,0.00140548137737175
"293",1425,0,0,0,1,0,0,482,1425,"a","a","g","g",0,0,0,0,0,0,0,0,0,0
"294",1422,0,3,0,1,0,0,483,1425,"a","a","g","g",0.00210526315789474,0.00210526315789474,0,0,0,0,0,0,0.00210526315789474,0.00210526315789474
"295",1424,0,1,0,1,0,0,484,1425,"a","a","g","g",0.000701754385964912,0.000701754385964912,0,0,0,0,0,0,0.000701754385964912,0.000701754385964912
"296",1251,0,174,0,1,0,0,485,1425,"a","a","g","g",0.122105263157895,0.122105263157895,0,0,0,0,0,0,0.122105263157895,0.122105263157895
"297",2,0,1423,0,1,0,0,486,1425,"g","g","a","a",0.00140350877192982,0.00140350877192982,0,0,0,0,0,0,0.00140350877192982,0.00140350877192982
"298",1425,0,0,0,1,0,0,487,1425,"a","a","g","g",0,0,0,0,0,0,0,0,0,0
"299",1425,0,0,0,1,0,0,488,1425,"a","a","g","g",0,0,0,0,0,0,0,0,0,0
"300",1418,0,7,0,1,0,0,489,1425,"a","a","g","g",0.00491228070175439,0.00491228070175439,0,0,0,0,0,0,0.00491228070175439,0.00491228070175439
"301",3,0,1421,0,2,0,0,490,1424,"g","g","a","a",0.00210674157303371,0.00210674157303371,0,0,0,0,0,0,0.00210674157303371,0.00210674157303371
"302",1425,0,0,0,1,0,0,491,1425,"a","a","g","g",0,0,0,0,0,0,0,0,0,0
"303",1424,0,1,0,1,0,0,492,1425,"a","a","g","g",0.000701754385964912,0.000701754385964912,0,0,0,0,0,0,0.000701754385964912,0.000701754385964912
"304",0,0,1,1423,2,0,0,493,1424,"t","t","c","c",0,0,0,0.000702247191011236,0,0.000702247191011236,0.000702247191011236,0.000702247191011236,0.000702247191011236,0.000702247191011236
"305",1425,0,0,0,1,0,0,494,1425,"a","a","g","g",0,0,0,0,0,0,0,0,0,0
"306",0,350,0,1075,1,0,0,495,1425,"t","t","c","c",0.245614035087719,0.245614035087719,0,0,0,0,0,0,0.245614035087719,0.245614035087719
"307",1425,0,0,0,1,0,0,496,1425,"a","a","g","g",0,0,0,0,0,0,0,0,0,0
"308",1426,0,0,0,0,0,0,497,1426,"a","a","g","g",0,0,0,0,0,0,0,0,0,0
"309",1,0,1,1423,1,0,0,498,1425,"t","t","c","c",0,0,0.000701754385964912,0.000701754385964912,0.000701754385964912,0.000701754385964912,0.00140350877192982,0.00140350877192982,0.00140350877192982,0.00140350877192982
"310",3,0,1422,0,1,0,0,499,1425,"g","g","a","a",0.00210526315789474,0.00210526315789474,0,0,0,0,0,0,0.00210526315789474,0.00210526315789474
"311",1424,2,0,0,0,0,0,500,1426,"a","a","g","g",0,0,0.00140252454417952,0,0.00140252454417952,0,0.00140252454417952,0.00140252454417952,0.00140252454417952,0.00140252454417952
"312",1426,0,0,0,0,0,0,501,1426,"a","a","g","g",0,0,0,0,0,0,0,0,0,0
"313",1426,0,0,0,0,0,0,502,1426,"a","a","g","g",0,0,0,0,0,0,0,0,0,0
"314",0,1423,0,2,1,0,0,503,1425,"c","c","t","t",0.00140350877192982,0.00140350877192982,0,0,0,0,0,0,0.00140350877192982,0.00140350877192982
"315",1424,1,1,0,0,0,0,504,1426,"a","a","g","g",0.000701262272089762,0.000701262272089762,0.000701262272089762,0,0.000701262272089762,0,0.000701262272089762,0.000701262272089762,0.00140252454417952,0.00140252454417952
"316",4,0,0,1421,1,0,0,505,1425,"t","t","c","c",0,0,0.00280701754385965,0,0.00280701754385965,0,0.00280701754385965,0.00280701754385965,0.00280701754385965,0.00280701754385965
"317",2,0,1423,0,1,1,0,506,1425,"g","g","a","a",0.00140350877192982,0.00140350877192982,0,0,0,0,0,0,0.00140350877192982,0.00140350877192982
"318",0,0,1426,0,0,0,0,507,1426,"g","g","a","a",0,0,0,0,0,0,0,0,0,0
"319",0,0,0,1425,1,1,0,508,1425,"t","t","c","c",0,0,0,0,0,0,0,0,0,0
"320",1425,0,0,0,1,1,0,509,1425,"a","a","g","g",0,0,0,0,0,0,0,0,0,0
"321",1,1,0,1423,1,0,0,510,1425,"t","t","c","c",0.000701754385964912,0.000701754385964912,0.000701754385964912,0,0.000701754385964912,0,0.000701754385964912,0.000701754385964912,0.00140350877192982,0.00140350877192982
"322",0,0,1,1425,0,0,0,511,1426,"t","t","c","c",0,0,0,0.000701262272089762,0,0.000701262272089762,0.000701262272089762,0.000701262272089762,0.000701262272089762,0.000701262272089762
"323",0,1425,0,1,0,0,0,512,1426,"c","c","t","t",0.000701262272089762,0.000701262272089762,0,0,0,0,0,0,0.000701262272089762,0.000701262272089762
"324",1420,0,6,0,0,0,0,513,1426,"a","a","g","g",0.00420757363253857,0.00420757363253857,0,0,0,0,0,0,0.00420757363253857,0.00420757363253857
"325",1425,0,1,0,0,0,0,514,1426,"a","a","g","g",0.000701262272089762,0.000701262272089762,0,0,0,0,0,0,0.000701262272089762,0.000701262272089762
"326",0,3,1423,0,0,0,0,515,1426,"g","g","a","a",0,0,0.00210378681626928,0,0.00210378681626928,0,0.00210378681626928,0.00210378681626928,0.00210378681626928,0.00210378681626928
"327",1424,0,1,1,0,0,0,516,1426,"a","a","g","g",0.000701262272089762,0.000701262272089762,0,0.000701262272089762,0,0.000701262272089762,0.000701262272089762,0.000701262272089762,0.00140252454417952,0.00140252454417952
"328",1,0,1425,0,0,0,0,517,1426,"g","g","a","a",0.000701262272089762,0.000701262272089762,0,0,0,0,0,0,0.000701262272089762,0.000701262272089762
"329",1425,0,1,0,0,0,0,518,1426,"a","a","g","g",0.000701262272089762,0.000701262272089762,0,0,0,0,0,0,0.000701262272089762,0.000701262272089762
"330",0,0,0,1426,0,1,0,519,1426,"t","t","c","c",0,0,0,0,0,0,0,0,0,0
"331",1,0,0,1425,0,0,0,520,1426,"t","t","c","c",0,0,0.000701262272089762,0,0.000701262272089762,0,0.000701262272089762,0.000701262272089762,0.000701262272089762,0.000701262272089762
"332",0,0,0,1426,0,0,0,521,1426,"t","t","c","c",0,0,0,0,0,0,0,0,0,0
"333",1426,0,0,0,0,0,0,522,1426,"a","a","g","g",0,0,0,0,0,0,0,0,0,0
"334",1426,0,0,0,0,0,0,523,1426,"a","a","g","g",0,0,0,0,0,0,0,0,0,0
"335",0,0,0,1426,0,1,0,524,1426,"t","t","c","c",0,0,0,0,0,0,0,0,0,0
"336",1426,0,0,0,0,0,0,525,1426,"a","a","g","g",0,0,0,0,0,0,0,0,0,0
"337",1,0,0,1425,0,0,0,526,1426,"t","t","c","c",0,0,0.000701262272089762,0,0.000701262272089762,0,0.000701262272089762,0.000701262272089762,0.000701262272089762,0.000701262272089762
"338",1,0,1425,0,0,0,0,527,1426,"g","g","a","a",0.000701262272089762,0.000701262272089762,0,0,0,0,0,0,0.000701262272089762,0.000701262272089762
"339",1,1,0,1424,0,0,0,528,1426,"t","t","c","c",0.000701262272089762,0.000701262272089762,0.000701262272089762,0,0.000701262272089762,0,0.000701262272089762,0.000701262272089762,0.00140252454417952,0.00140252454417952
"340",1,0,1425,0,0,0,0,529,1426,"g","g","a","a",0.000701262272089762,0.000701262272089762,0,0,0,0,0,0,0.000701262272089762,0.000701262272089762
"341",1425,0,1,0,0,0,0,530,1426,"a","a","g","g",0.000701262272089762,0.000701262272089762,0,0,0,0,0,0,0.000701262272089762,0.000701262272089762
"342",1425,1,0,0,0,0,0,531,1426,"a","a","g","g",0,0,0.000701262272089762,0,0.000701262272089762,0,0.000701262272089762,0.000701262272089762,0.000701262272089762,0.000701262272089762
"343",0,1426,0,0,0,1,0,532,1426,"c","c","t","t",0,0,0,0,0,0,0,0,0,0
"344",1423,0,1,0,2,0,0,533,1424,"a","a","g","g",0.000702247191011236,0.000702247191011236,0,0,0,0,0,0,0.000702247191011236,0.000702247191011236
"345",1423,0,1,0,2,0,0,534,1424,"a","a","g","g",0.000702247191011236,0.000702247191011236,0,0,0,0,0,0,0.000702247191011236,0.000702247191011236
"346",1425,0,1,0,0,1,0,535,1426,"a","a","g","g",0.000701262272089762,0.000701262272089762,0,0,0,0,0,0,0.000701262272089762,0.000701262272089762
"347",1227,0,199,0,0,0,0,536,1426,"a","a","g","g",0.139551192145863,0.139551192145863,0,0,0,0,0,0,0.139551192145863,0.139551192145863
"348",1,0,0,1425,0,0,0,537,1426,"t","t","c","c",0,0,0.000701262272089762,0,0.000701262272089762,0,0.000701262272089762,0.000701262272089762,0.000701262272089762,0.000701262272089762
"349",1412,0,14,0,0,0,0,538,1426,"a","a","g","g",0.00981767180925666,0.00981767180925666,0,0,0,0,0,0,0.00981767180925666,0.00981767180925666
"350",195,1231,0,0,0,0,0,539,1426,"c","c","t","t",0,0,0.136746143057504,0,0.136746143057504,0,0.136746143057504,0.136746143057504,0.136746143057504,0.136746143057504
"351",0,2,0,1424,0,0,0,540,1426,"t","t","c","c",0.00140252454417952,0.00140252454417952,0,0,0,0,0,0,0.00140252454417952,0.00140252454417952
"352",1425,1,0,0,0,0,0,541,1426,"a","a","g","g",0,0,0.000701262272089762,0,0.000701262272089762,0,0.000701262272089762,0.000701262272089762,0.000701262272089762,0.000701262272089762
"353",1425,0,1,0,0,0,0,542,1426,"a","a","g","g",0.000701262272089762,0.000701262272089762,0,0,0,0,0,0,0.000701262272089762,0.000701262272089762
"354",0,3,0,1423,0,0,0,543,1426,"t","t","c","c",0.00210378681626928,0.00210378681626928,0,0,0,0,0,0,0.00210378681626928,0.00210378681626928
"355",5,1,1420,0,0,0,0,544,1426,"g","g","a","a",0.00350631136044881,0.00350631136044881,0.000701262272089762,0,0.000701262272089762,0,0.000701262272089762,0.000701262272089762,0.00420757363253857,0.00420757363253857
"356",9,0,1417,0,0,0,0,545,1426,"g","g","a","a",0.00631136044880785,0.00631136044880785,0,0,0,0,0,0,0.00631136044880785,0.00631136044880785
"357",1426,0,0,0,0,0,0,546,1426,"a","a","g","g",0,0,0,0,0,0,0,0,0,0
"358",1425,0,1,0,0,0,0,547,1426,"a","a","g","g",0.000701262272089762,0.000701262272089762,0,0,0,0,0,0,0.000701262272089762,0.000701262272089762
"359",193,0,1233,0,0,0,0,548,1426,"g","g","a","a",0.135343618513324,0.135343618513324,0,0,0,0,0,0,0.135343618513324,0.135343618513324
"360",1,0,0,1425,0,0,0,549,1426,"t","t","c","c",0,0,0.000701262272089762,0,0.000701262272089762,0,0.000701262272089762,0.000701262272089762,0.000701262272089762,0.000701262272089762
"361",2,0,1424,0,0,0,0,550,1426,"g","g","a","a",0.00140252454417952,0.00140252454417952,0,0,0,0,0,0,0.00140252454417952,0.00140252454417952
"362",1426,0,0,0,0,0,0,551,1426,"a","a","g","g",0,0,0,0,0,0,0,0,0,0
"363",1296,0,130,0,0,0,0,552,1426,"a","a","g","g",0.091164095371669,0.091164095371669,0,0,0,0,0,0,0.091164095371669,0.091164095371669
"364",1425,0,1,0,0,1,0,553,1426,"a","a","g","g",0.000701262272089762,0.000701262272089762,0,0,0,0,0,0,0.000701262272089762,0.000701262272089762
"365",0,0,1426,0,0,1,0,554,1426,"g","g","a","a",0,0,0,0,0,0,0,0,0,0
"366",0,0,1,1425,0,0,0,555,1426,"t","t","c","c",0,0,0,0.000701262272089762,0,0.000701262272089762,0.000701262272089762,0.000701262272089762,0.000701262272089762,0.000701262272089762
"367",1426,0,0,0,0,0,0,556,1426,"a","a","g","g",0,0,0,0,0,0,0,0,0,0
"368",1426,0,0,0,0,0,0,557,1426,"a","a","g","g",0,0,0,0,0,0,0,0,0,0
"369",1425,0,1,0,0,0,0,558,1426,"a","a","g","g",0.000701262272089762,0.000701262272089762,0,0,0,0,0,0,0.000701262272089762,0.000701262272089762
"370",0,0,0,1426,0,0,0,559,1426,"t","t","c","c",0,0,0,0,0,0,0,0,0,0
"371",0,0,1426,0,0,0,0,560,1426,"g","g","a","a",0,0,0,0,0,0,0,0,0,0
"372",0,5,0,1421,0,0,0,561,1426,"t","t","c","c",0.00350631136044881,0.00350631136044881,0,0,0,0,0,0,0.00350631136044881,0.00350631136044881
"373",0,0,1,1425,0,0,0,562,1426,"t","t","c","c",0,0,0,0.000701262272089762,0,0.000701262272089762,0.000701262272089762,0.000701262272089762,0.000701262272089762,0.000701262272089762
"374",1425,0,1,0,0,0,0,563,1426,"a","a","g","g",0.000701262272089762,0.000701262272089762,0,0,0,0,0,0,0.000701262272089762,0.000701262272089762
"375",0,1425,0,0,1,0,0,564,1425,"c","c","t","t",0,0,0,0,0,0,0,0,0,0
"376",1426,0,0,0,0,0,0,565,1426,"a","a","g","g",0,0,0,0,0,0,0,0,0,0
"377",0,0,0,1426,0,0,0,566,1426,"t","t","c","c",0,0,0,0,0,0,0,0,0,0
"378",1,0,1424,0,1,0,0,567,1425,"g","g","a","a",0.000701754385964912,0.000701754385964912,0,0,0,0,0,0,0.000701754385964912,0.000701754385964912
"379",1425,0,0,0,1,0,0,568,1425,"a","a","g","g",0,0,0,0,0,0,0,0,0,0
"380",1426,0,0,0,0,0,0,569,1426,"a","a","g","g",0,0,0,0,0,0,0,0,0,0
"381",0,0,0,1426,0,0,0,570,1426,"t","t","c","c",0,0,0,0,0,0,0,0,0,0
"382",1,1425,0,0,0,0,0,571,1426,"c","c","t","t",0,0,0.000701262272089762,0,0.000701262272089762,0,0.000701262272089762,0.000701262272089762,0.000701262272089762,0.000701262272089762
"383",1425,0,1,0,0,0,0,572,1426,"a","a","g","g",0.000701262272089762,0.000701262272089762,0,0,0,0,0,0,0.000701262272089762,0.000701262272089762
"384",1,0,0,1425,0,0,0,573,1426,"t","t","c","c",0,0,0.000701262272089762,0,0.000701262272089762,0,0.000701262272089762,0.000701262272089762,0.000701262272089762,0.000701262272089762
"385",1,0,0,1425,0,0,0,574,1426,"t","t","c","c",0,0,0.000701262272089762,0,0.000701262272089762,0,0.000701262272089762,0.000701262272089762,0.000701262272089762,0.000701262272089762
"386",1,0,1425,0,0,0,0,575,1426,"g","g","a","a",0.000701262272089762,0.000701262272089762,0,0,0,0,0,0,0.000701262272089762,0.000701262272089762
"387",1,0,0,1425,0,0,0,576,1426,"t","t","c","c",0,0,0.000701262272089762,0,0.000701262272089762,0,0.000701262272089762,0.000701262272089762,0.000701262272089762,0.000701262272089762
"388",1426,0,0,0,0,0,0,577,1426,"a","a","g","g",0,0,0,0,0,0,0,0,0,0
"389",1426,0,0,0,0,0,0,578,1426,"a","a","g","g",0,0,0,0,0,0,0,0,0,0
"390",0,1421,1,4,0,0,0,579,1426,"c","c","t","t",0.00280504908835905,0.00280504908835905,0,0.000701262272089762,0,0.000701262272089762,0.000701262272089762,0.000701262272089762,0.00350631136044881,0.00350631136044881
"391",1424,0,2,0,0,0,0,580,1426,"a","a","g","g",0.00140252454417952,0.00140252454417952,0,0,0,0,0,0,0.00140252454417952,0.00140252454417952
"392",0,1426,0,0,0,0,0,581,1426,"c","c","t","t",0,0,0,0,0,0,0,0,0,0
"393",0,1426,0,0,0,0,0,582,1426,"c","c","t","t",0,0,0,0,0,0,0,0,0,0
"394",1426,0,0,0,0,0,0,583,1426,"a","a","g","g",0,0,0,0,0,0,0,0,0,0
"395",1,0,1425,0,0,0,0,584,1426,"g","g","a","a",0.000701262272089762,0.000701262272089762,0,0,0,0,0,0,0.000701262272089762,0.000701262272089762
"396",0,1,1,1424,0,0,0,585,1426,"t","t","c","c",0.000701262272089762,0.000701262272089762,0,0.000701262272089762,0,0.000701262272089762,0.000701262272089762,0.000701262272089762,0.00140252454417952,0.00140252454417952
"397",1418,0,8,0,0,0,0,586,1426,"a","a","g","g",0.00561009817671809,0.00561009817671809,0,0,0,0,0,0,0.00561009817671809,0.00561009817671809
"398",1,0,0,1425,0,0,0,587,1426,"t","t","c","c",0,0,0.000701262272089762,0,0.000701262272089762,0,0.000701262272089762,0.000701262272089762,0.000701262272089762,0.000701262272089762
"399",0,0,0,1426,0,0,0,588,1426,"t","t","c","c",0,0,0,0,0,0,0,0,0,0
"400",1425,0,0,0,1,0,0,589,1425,"a","a","g","g",0,0,0,0,0,0,0,0,0,0
"401",0,1,0,1425,0,0,0,590,1426,"t","t","c","c",0.000701262272089762,0.000701262272089762,0,0,0,0,0,0,0.000701262272089762,0.000701262272089762
"402",0,1,0,1425,0,0,0,591,1426,"t","t","c","c",0.000701262272089762,0.000701262272089762,0,0,0,0,0,0,0.000701262272089762,0.000701262272089762
"403",0,1426,0,0,0,0,0,592,1426,"c","c","t","t",0,0,0,0,0,0,0,0,0,0
"404",1426,0,0,0,0,0,0,593,1426,"a","a","g","g",0,0,0,0,0,0,0,0,0,0
"405",1425,0,1,0,0,0,0,594,1426,"a","a","g","g",0.000701262272089762,0.000701262272089762,0,0,0,0,0,0,0.000701262272089762,0.000701262272089762
"406",0,0,1426,0,0,0,0,595,1426,"g","g","a","a",0,0,0,0,0,0,0,0,0,0
"407",1425,0,0,1,0,0,0,596,1426,"a","a","g","g",0,0,0,0.000701262272089762,0,0.000701262272089762,0.000701262272089762,0.000701262272089762,0.000701262272089762,0.000701262272089762
"408",1425,1,0,0,0,0,0,597,1426,"a","a","g","g",0,0,0.000701262272089762,0,0.000701262272089762,0,0.000701262272089762,0.000701262272089762,0.000701262272089762,0.000701262272089762
"409",0,0,0,1426,0,0,0,598,1426,"t","t","c","c",0,0,0,0,0,0,0,0,0,0
"410",0,1426,0,0,0,0,0,599,1426,"c","c","t","t",0,0,0,0,0,0,0,0,0,0
"411",0,1424,0,2,0,0,0,600,1426,"c","c","t","t",0.00140252454417952,0.00140252454417952,0,0,0,0,0,0,0.00140252454417952,0.00140252454417952
"412",0,0,0,1426,0,1,0,601,1426,"t","t","c","c",0,0,0,0,0,0,0,0,0,0
"413",1,0,1425,0,0,0,0,602,1426,"g","g","a","a",0.000701262272089762,0.000701262272089762,0,0,0,0,0,0,0.000701262272089762,0.000701262272089762
"414",1,0,0,1425,0,0,0,603,1426,"t","t","c","c",0,0,0.000701262272089762,0,0.000701262272089762,0,0.000701262272089762,0.000701262272089762,0.000701262272089762,0.000701262272089762
"415",0,0,1426,0,0,1,0,604,1426,"g","g","a","a",0,0,0,0,0,0,0,0,0,0
"416",1426,0,0,0,0,0,0,605,1426,"a","a","g","g",0,0,0,0,0,0,0,0,0,0
"417",0,1426,0,0,0,0,0,606,1426,"c","c","t","t",0,0,0,0,0,0,0,0,0,0
"418",1424,0,2,0,0,0,0,607,1426,"a","a","g","g",0.00140252454417952,0.00140252454417952,0,0,0,0,0,0,0.00140252454417952,0.00140252454417952
"419",1425,0,1,0,0,0,0,608,1426,"a","a","g","g",0.000701262272089762,0.000701262272089762,0,0,0,0,0,0,0.000701262272089762,0.000701262272089762
"420",11,0,1415,0,0,0,0,609,1426,"g","g","a","a",0.00771388499298738,0.00771388499298738,0,0,0,0,0,0,0.00771388499298738,0.00771388499298738
"421",0,1426,0,0,0,0,0,610,1426,"c","c","t","t",0,0,0,0,0,0,0,0,0,0
"422",1426,0,0,0,0,0,0,611,1426,"a","a","g","g",0,0,0,0,0,0,0,0,0,0
"423",0,2,1,1423,0,0,0,612,1426,"t","t","c","c",0.00140252454417952,0.00140252454417952,0,0.000701262272089762,0,0.000701262272089762,0.000701262272089762,0.000701262272089762,0.00210378681626928,0.00210378681626928
"424",0,0,0,1426,0,0,0,613,1426,"t","t","c","c",0,0,0,0,0,0,0,0,0,0
"425",1426,0,0,0,0,0,0,614,1426,"a","a","g","g",0,0,0,0,0,0,0,0,0,0
"426",1,0,0,1425,0,0,0,615,1426,"t","t","c","c",0,0,0.000701262272089762,0,0.000701262272089762,0,0.000701262272089762,0.000701262272089762,0.000701262272089762,0.000701262272089762
"427",1,0,0,1425,0,0,0,616,1426,"t","t","c","c",0,0,0.000701262272089762,0,0.000701262272089762,0,0.000701262272089762,0.000701262272089762,0.000701262272089762,0.000701262272089762
"428",1,0,1425,0,0,0,0,617,1426,"g","g","a","a",0.000701262272089762,0.000701262272089762,0,0,0,0,0,0,0.000701262272089762,0.000701262272089762
"429",0,0,1426,0,0,0,0,618,1426,"g","g","a","a",0,0,0,0,0,0,0,0,0,0
"430",1,0,1425,0,0,0,0,619,1426,"g","g","a","a",0.000701262272089762,0.000701262272089762,0,0,0,0,0,0,0.000701262272089762,0.000701262272089762
"431",1425,1,0,0,0,0,0,620,1426,"a","a","g","g",0,0,0.000701262272089762,0,0.000701262272089762,0,0.000701262272089762,0.000701262272089762,0.000701262272089762,0.000701262272089762
"432",0,0,0,1426,0,0,0,621,1426,"t","t","c","c",0,0,0,0,0,0,0,0,0,0
"433",1,0,1425,0,0,0,0,622,1426,"g","g","a","a",0.000701262272089762,0.000701262272089762,0,0,0,0,0,0,0.000701262272089762,0.000701262272089762
"434",0,1425,0,0,1,0,0,623,1425,"c","c","t","t",0,0,0,0,0,0,0,0,0,0
"435",0,0,1,1425,0,0,0,624,1426,"t","t","c","c",0,0,0,0.000701262272089762,0,0.000701262272089762,0.000701262272089762,0.000701262272089762,0.000701262272089762,0.000701262272089762
"436",1425,0,1,0,0,0,0,625,1426,"a","a","g","g",0.000701262272089762,0.000701262272089762,0,0,0,0,0,0,0.000701262272089762,0.000701262272089762
"437",0,1,0,1425,0,0,0,626,1426,"t","t","c","c",0.000701262272089762,0.000701262272089762,0,0,0,0,0,0,0.000701262272089762,0.000701262272089762
"438",0,1,0,1425,0,0,0,627,1426,"t","t","c","c",0.000701262272089762,0.000701262272089762,0,0,0,0,0,0,0.000701262272089762,0.000701262272089762
"439",1426,0,0,0,0,0,0,628,1426,"a","a","g","g",0,0,0,0,0,0,0,0,0,0
"440",10,0,1416,0,0,0,0,629,1426,"g","g","a","a",0.00701262272089762,0.00701262272089762,0,0,0,0,0,0,0.00701262272089762,0.00701262272089762
"441",1420,0,5,1,0,0,0,630,1426,"a","a","g","g",0.00350631136044881,0.00350631136044881,0,0.000701262272089762,0,0.000701262272089762,0.000701262272089762,0.000701262272089762,0.00420757363253857,0.00420757363253857
"442",0,1,0,1425,0,0,0,631,1426,"t","t","c","c",0.000701262272089762,0.000701262272089762,0,0,0,0,0,0,0.000701262272089762,0.000701262272089762
"443",1,0,0,1425,0,0,0,632,1426,"t","t","c","c",0,0,0.000701262272089762,0,0.000701262272089762,0,0.000701262272089762,0.000701262272089762,0.000701262272089762,0.000701262272089762
"444",0,0,1,1425,0,0,0,633,1426,"t","t","c","c",0,0,0,0.000701262272089762,0,0.000701262272089762,0.000701262272089762,0.000701262272089762,0.000701262272089762,0.000701262272089762
"445",1426,0,0,0,0,0,0,634,1426,"a","a","g","g",0,0,0,0,0,0,0,0,0,0
"446",0,0,1426,0,0,0,0,635,1426,"g","g","a","a",0,0,0,0,0,0,0,0,0,0
"447",1425,0,1,0,0,0,0,636,1426,"a","a","g","g",0.000701262272089762,0.000701262272089762,0,0,0,0,0,0,0.000701262272089762,0.000701262272089762
"448",0,0,0,1426,0,0,0,637,1426,"t","t","c","c",0,0,0,0,0,0,0,0,0,0
"449",1425,0,1,0,0,0,0,638,1426,"a","a","g","g",0.000701262272089762,0.000701262272089762,0,0,0,0,0,0,0.000701262272089762,0.000701262272089762
"450",0,1,0,1425,0,0,0,639,1426,"t","t","c","c",0.000701262272089762,0.000701262272089762,0,0,0,0,0,0,0.000701262272089762,0.000701262272089762
"451",1,0,0,1425,0,0,0,640,1426,"t","t","c","c",0,0,0.000701262272089762,0,0.000701262272089762,0,0.000701262272089762,0.000701262272089762,0.000701262272089762,0.000701262272089762
"452",0,0,1426,0,0,0,0,641,1426,"g","g","a","a",0,0,0,0,0,0,0,0,0,0
"453",0,1,0,1425,0,0,0,642,1426,"t","t","c","c",0.000701262272089762,0.000701262272089762,0,0,0,0,0,0,0.000701262272089762,0.000701262272089762
"454",0,0,1425,1,0,0,0,643,1426,"g","g","a","a",0,0,0,0.000701262272089762,0,0.000701262272089762,0.000701262272089762,0.000701262272089762,0.000701262272089762,0.000701262272089762
"455",0,1426,0,0,0,0,0,644,1426,"c","c","t","t",0,0,0,0,0,0,0,0,0,0
"456",1422,0,3,1,0,0,0,645,1426,"a","a","g","g",0.00210378681626928,0.00210378681626928,0,0.000701262272089762,0,0.000701262272089762,0.000701262272089762,0.000701262272089762,0.00280504908835905,0.00280504908835905
"457",0,1426,0,0,0,0,0,646,1426,"c","c","t","t",0,0,0,0,0,0,0,0,0,0
"458",0,1426,0,0,0,0,0,647,1426,"c","c","t","t",0,0,0,0,0,0,0,0,0,0
"459",1055,0,371,0,0,0,0,648,1426,"a","g","g","a",0.260168302945302,0.739831697054698,0,0,0,0,0,0,0.260168302945302,0.739831697054698
"460",1,1425,0,0,0,0,0,649,1426,"c","c","t","t",0,0,0.000701262272089762,0,0.000701262272089762,0,0.000701262272089762,0.000701262272089762,0.000701262272089762,0.000701262272089762
"461",1,1425,0,0,0,0,0,650,1426,"c","c","t","t",0,0,0.000701262272089762,0,0.000701262272089762,0,0.000701262272089762,0.000701262272089762,0.000701262272089762,0.000701262272089762
"462",1426,0,0,0,0,0,0,651,1426,"a","a","g","g",0,0,0,0,0,0,0,0,0,0
"463",0,0,1426,0,0,0,0,652,1426,"g","g","a","a",0,0,0,0,0,0,0,0,0,0
"464",0,0,1426,0,0,0,0,653,1426,"g","g","a","a",0,0,0,0,0,0,0,0,0,0
"465",0,4,0,1422,0,0,0,654,1426,"t","t","c","c",0.00280504908835905,0.00280504908835905,0,0,0,0,0,0,0.00280504908835905,0.00280504908835905
"466",0,0,0,1426,0,0,0,655,1426,"t","t","c","c",0,0,0,0,0,0,0,0,0,0
"467",1425,1,0,0,0,0,0,656,1426,"a","a","g","g",0,0,0.000701262272089762,0,0.000701262272089762,0,0.000701262272089762,0.000701262272089762,0.000701262272089762,0.000701262272089762
"468",0,915,0,511,0,0,0,657,1426,"c","t","t","c",0.358345021037868,0.641654978962132,0,0,0,0,0,0,0.358345021037868,0.641654978962132
"469",0,0,1426,0,0,0,0,658,1426,"g","g","a","a",0,0,0,0,0,0,0,0,0,0
"470",0,1426,0,0,0,0,0,659,1426,"c","c","t","t",0,0,0,0,0,0,0,0,0,0
"471",0,17,1,1407,1,0,0,660,1425,"t","t","c","c",0.0119298245614035,0.0119298245614035,0,0.000701754385964912,0,0.000701754385964912,0.000701754385964912,0.000701754385964912,0.0126315789473684,0.0126315789473684
"472",1,1,0,1424,0,0,0,661,1426,"t","t","c","c",0.000701262272089762,0.000701262272089762,0.000701262272089762,0,0.000701262272089762,0,0.000701262272089762,0.000701262272089762,0.00140252454417952,0.00140252454417952
"473",0,0,1,1425,0,0,0,662,1426,"t","t","c","c",0,0,0,0.000701262272089762,0,0.000701262272089762,0.000701262272089762,0.000701262272089762,0.000701262272089762,0.000701262272089762
"474",1,0,1425,0,0,0,0,663,1426,"g","g","a","a",0.000701262272089762,0.000701262272089762,0,0,0,0,0,0,0.000701262272089762,0.000701262272089762
"475",1,1425,0,0,0,0,0,664,1426,"c","c","t","t",0,0,0.000701262272089762,0,0.000701262272089762,0,0.000701262272089762,0.000701262272089762,0.000701262272089762,0.000701262272089762
"476",1,1,0,1424,0,0,0,665,1426,"t","t","c","c",0.000701262272089762,0.000701262272089762,0.000701262272089762,0,0.000701262272089762,0,0.000701262272089762,0.000701262272089762,0.00140252454417952,0.00140252454417952
"477",0,1,0,1425,0,0,0,666,1426,"t","t","c","c",0.000701262272089762,0.000701262272089762,0,0,0,0,0,0,0.000701262272089762,0.000701262272089762
"478",1425,1,0,0,0,0,0,667,1426,"a","a","g","g",0,0,0.000701262272089762,0,0.000701262272089762,0,0.000701262272089762,0.000701262272089762,0.000701262272089762,0.000701262272089762
"479",1,0,1425,0,0,0,0,668,1426,"g","g","a","a",0.000701262272089762,0.000701262272089762,0,0,0,0,0,0,0.000701262272089762,0.000701262272089762
"480",7,1,1418,0,0,0,0,669,1426,"g","g","a","a",0.00490883590462833,0.00490883590462833,0.000701262272089762,0,0.000701262272089762,0,0.000701262272089762,0.000701262272089762,0.00561009817671809,0.00561009817671809
"481",0,1,0,1425,0,0,0,670,1426,"t","t","c","c",0.000701262272089762,0.000701262272089762,0,0,0,0,0,0,0.000701262272089762,0.000701262272089762
"482",3,0,1422,1,0,0,0,671,1426,"g","g","a","a",0.00210378681626928,0.00210378681626928,0,0.000701262272089762,0,0.000701262272089762,0.000701262272089762,0.000701262272089762,0.00280504908835905,0.00280504908835905
"483",0,0,0,1426,0,0,0,672,1426,"t","t","c","c",0,0,0,0,0,0,0,0,0,0
"484",1425,0,1,0,0,0,0,673,1426,"a","a","g","g",0.000701262272089762,0.000701262272089762,0,0,0,0,0,0,0.000701262272089762,0.000701262272089762
"485",1424,0,1,1,0,0,0,674,1426,"a","a","g","g",0.000701262272089762,0.000701262272089762,0,0.000701262272089762,0,0.000701262272089762,0.000701262272089762,0.000701262272089762,0.00140252454417952,0.00140252454417952
"486",0,2,0,1424,0,0,0,675,1426,"t","t","c","c",0.00140252454417952,0.00140252454417952,0,0,0,0,0,0,0.00140252454417952,0.00140252454417952
"487",4,0,1422,0,0,0,0,676,1426,"g","g","a","a",0.00280504908835905,0.00280504908835905,0,0,0,0,0,0,0.00280504908835905,0.00280504908835905
"488",1426,0,0,0,0,0,0,677,1426,"a","a","g","g",0,0,0,0,0,0,0,0,0,0
"489",1,0,0,1425,0,0,0,678,1426,"t","t","c","c",0,0,0.000701262272089762,0,0.000701262272089762,0,0.000701262272089762,0.000701262272089762,0.000701262272089762,0.000701262272089762
"490",1425,0,1,0,0,0,0,679,1426,"a","a","g","g",0.000701262272089762,0.000701262272089762,0,0,0,0,0,0,0.000701262272089762,0.000701262272089762
"491",0,1418,0,8,0,0,0,680,1426,"c","c","t","t",0.00561009817671809,0.00561009817671809,0,0,0,0,0,0,0.00561009817671809,0.00561009817671809
"492",1424,1,1,0,0,0,0,681,1426,"a","a","g","g",0.000701262272089762,0.000701262272089762,0.000701262272089762,0,0.000701262272089762,0,0.000701262272089762,0.000701262272089762,0.00140252454417952,0.00140252454417952
