"","a","c","g","t","deletion","insertion","N","pos","TotalReads","MajNt","ref","transition.maj","transition.ref","freq.Ts","freq.Ts.ref","freq.transv","freq.transv.ref","freq.transv1","freq.transv2","freq.transv1.ref","freq.transv2.ref","freq.mutations.ref","freq.mutations"
"1",NA,NA,NA,NA,NA,NA,NA,190,NA,NA,"g",NA,"a",NA,NA,NA,NA,NA,NA,NA,NA,NA,NA
"2",NA,NA,NA,NA,NA,NA,NA,191,NA,NA,"t",NA,"c",NA,NA,NA,NA,NA,NA,NA,NA,NA,NA
"3",NA,NA,NA,NA,NA,NA,NA,192,NA,NA,"c",NA,"t",NA,NA,NA,NA,NA,NA,NA,NA,NA,NA
"4",NA,NA,NA,NA,NA,NA,NA,193,NA,NA,"a",NA,"g",NA,NA,NA,NA,NA,NA,NA,NA,NA,NA
"5",NA,NA,NA,NA,NA,NA,NA,194,NA,NA,"c",NA,"t",NA,NA,NA,NA,NA,NA,NA,NA,NA,NA
"6",NA,NA,NA,NA,NA,NA,NA,195,NA,NA,"a",NA,"g",NA,NA,NA,NA,NA,NA,NA,NA,NA,NA
"7",0,0,15,0,0,0,0,196,15,"g","g","a","a",0,0,0,0,0,0,0,0,0,0
"8",15427,1,0,1,15,0,0,197,15429,"a","a","g","g",0,0,0.000129626028906604,0.000129626028906604,6.48130144533022e-05,6.48130144533022e-05,6.48130144533022e-05,6.48130144533022e-05,0.000129626028906604,0.000129626028906604
"9",15441,0,3,0,0,0,0,198,15444,"a","a","g","g",0.000194250194250194,0.000194250194250194,0,0,0,0,0,0,0.000194250194250194,0.000194250194250194
"10",0,15443,0,1,0,0,0,199,15444,"c","c","t","t",6.47500647500648e-05,6.47500647500648e-05,0,0,0,0,0,0,6.47500647500648e-05,6.47500647500648e-05
"11",15443,1,0,0,0,0,0,200,15444,"a","a","g","g",0,0,6.47500647500648e-05,6.47500647500648e-05,6.47500647500648e-05,0,6.47500647500648e-05,0,6.47500647500648e-05,6.47500647500648e-05
"12",11,0,15433,0,0,0,0,201,15444,"g","g","a","a",0.000712250712250712,0.000712250712250712,0,0,0,0,0,0,0.000712250712250712,0.000712250712250712
"13",0,0,15444,0,0,0,0,202,15444,"g","g","a","a",0,0,0,0,0,0,0,0,0,0
"14",0,15444,0,0,0,0,0,203,15444,"c","c","t","t",0,0,0,0,0,0,0,0,0,0
"15",15441,1,2,0,0,0,0,204,15444,"a","a","g","g",0.00012950012950013,0.00012950012950013,6.47500647500648e-05,6.47500647500648e-05,6.47500647500648e-05,0,6.47500647500648e-05,0,0.000194250194250194,0.000194250194250194
"16",15440,0,4,0,0,0,0,205,15444,"a","a","g","g",0.000259000259000259,0.000259000259000259,0,0,0,0,0,0,0.000259000259000259,0.000259000259000259
"17",0,2,0,15442,0,0,0,206,15444,"t","t","c","c",0.00012950012950013,0.00012950012950013,0,0,0,0,0,0,0.00012950012950013,0.00012950012950013
"18",15443,0,1,0,0,0,0,207,15444,"a","a","g","g",6.47500647500648e-05,6.47500647500648e-05,0,0,0,0,0,0,6.47500647500648e-05,6.47500647500648e-05
"19",14,0,15430,0,0,0,0,208,15444,"g","g","a","a",0.000906500906500907,0.000906500906500907,0,0,0,0,0,0,0.000906500906500907,0.000906500906500907
"20",15443,0,1,0,0,0,0,209,15444,"a","a","g","g",6.47500647500648e-05,6.47500647500648e-05,0,0,0,0,0,0,6.47500647500648e-05,6.47500647500648e-05
"21",5,0,15439,0,0,0,0,210,15444,"g","g","a","a",0.000323750323750324,0.000323750323750324,0,0,0,0,0,0,0.000323750323750324,0.000323750323750324
"22",2,0,15442,0,0,0,0,211,15444,"g","g","a","a",0.00012950012950013,0.00012950012950013,0,0,0,0,0,0,0.00012950012950013,0.00012950012950013
"23",15444,0,0,0,0,0,0,212,15444,"a","a","g","g",0,0,0,0,0,0,0,0,0,0
"24",0,5,0,15439,0,0,0,213,15444,"t","t","c","c",0.000323750323750324,0.000323750323750324,0,0,0,0,0,0,0.000323750323750324,0.000323750323750324
"25",5,0,15439,0,0,0,0,214,15444,"g","g","a","a",0.000323750323750324,0.000323750323750324,0,0,0,0,0,0,0.000323750323750324,0.000323750323750324
"26",0,0,0,15443,1,0,0,215,15443,"t","t","c","c",0,0,0,0,0,0,0,0,0,0
"27",15437,0,6,0,1,0,0,216,15443,"a","a","g","g",0.00038852554555462,0.00038852554555462,0,0,0,0,0,0,0.00038852554555462,0.00038852554555462
"28",0,0,0,15444,0,0,0,217,15444,"t","t","c","c",0,0,0,0,0,0,0,0,0,0
"29",4,0,15439,0,1,0,0,218,15443,"g","g","a","a",0.000259017030369747,0.000259017030369747,0,0,0,0,0,0,0.000259017030369747,0.000259017030369747
"30",11,0,15432,0,1,0,0,219,15443,"g","g","a","a",0.000712296833516804,0.000712296833516804,0,0,0,0,0,0,0.000712296833516804,0.000712296833516804
"31",15440,0,3,0,1,0,0,220,15443,"a","a","g","g",0.00019426277277731,0.00019426277277731,0,0,0,0,0,0,0.00019426277277731,0.00019426277277731
"32",15438,0,6,0,0,0,0,221,15444,"a","a","g","g",0.000388500388500389,0.000388500388500389,0,0,0,0,0,0,0.000388500388500389,0.000388500388500389
"33",0,3,0,15440,1,0,0,222,15443,"t","t","c","c",0.00019426277277731,0.00019426277277731,0,0,0,0,0,0,0.00019426277277731,0.00019426277277731
"34",0,15440,0,3,1,0,0,223,15443,"c","c","t","t",0.00019426277277731,0.00019426277277731,0,0,0,0,0,0,0.00019426277277731,0.00019426277277731
"35",0,3,0,15440,1,0,0,224,15443,"t","t","c","c",0.00019426277277731,0.00019426277277731,0,0,0,0,0,0,0.00019426277277731,0.00019426277277731
"36",0,15435,0,8,1,1,0,225,15443,"c","c","t","t",0.000518034060739494,0.000518034060739494,0,0,0,0,0,0,0.000518034060739494,0.000518034060739494
"37",0,1,0,15442,1,0,0,226,15443,"t","t","c","c",6.47542575924367e-05,6.47542575924367e-05,0,0,0,0,0,0,6.47542575924367e-05,6.47542575924367e-05
"38",0,2,0,15442,0,0,0,227,15444,"t","t","c","c",0.00012950012950013,0.00012950012950013,0,0,0,0,0,0,0.00012950012950013,0.00012950012950013
"39",0,6,0,15438,0,0,0,228,15444,"t","t","c","c",0.000388500388500389,0.000388500388500389,0,0,0,0,0,0,0.000388500388500389,0.000388500388500389
"40",11,0,15433,0,0,0,0,229,15444,"g","g","a","a",0.000712250712250712,0.000712250712250712,0,0,0,0,0,0,0.000712250712250712,0.000712250712250712
"41",15440,0,4,0,0,0,0,230,15444,"a","a","g","g",0.000259000259000259,0.000259000259000259,0,0,0,0,0,0,0.000259000259000259,0.000259000259000259
"42",15,0,15429,0,0,0,0,231,15444,"g","g","a","a",0.000971250971250971,0.000971250971250971,0,0,0,0,0,0,0.000971250971250971,0.000971250971250971
"43",15442,0,2,0,0,0,0,232,15444,"a","a","g","g",0.00012950012950013,0.00012950012950013,0,0,0,0,0,0,0.00012950012950013,0.00012950012950013
"44",0,15444,0,0,0,0,0,233,15444,"c","c","t","t",0,0,0,0,0,0,0,0,0,0
"45",0,15440,0,4,0,0,0,234,15444,"c","c","t","t",0.000259000259000259,0.000259000259000259,0,0,0,0,0,0,0.000259000259000259,0.000259000259000259
"46",0,1,0,15443,0,0,0,235,15444,"t","t","c","c",6.47500647500648e-05,6.47500647500648e-05,0,0,0,0,0,0,6.47500647500648e-05,6.47500647500648e-05
"47",0,15443,0,1,0,0,0,236,15444,"c","c","t","t",6.47500647500648e-05,6.47500647500648e-05,0,0,0,0,0,0,6.47500647500648e-05,6.47500647500648e-05
"48",0,13,0,15431,0,0,0,237,15444,"t","t","c","c",0.000841750841750842,0.000841750841750842,0,0,0,0,0,0,0.000841750841750842,0.000841750841750842
"49",15442,0,3,0,0,0,0,238,15445,"a","a","g","g",0.000194237617351894,0.000194237617351894,0,0,0,0,0,0,0.000194237617351894,0.000194237617351894
"50",1,0,0,15444,0,1,0,239,15445,"t","t","c","c",0,0,6.47458724506313e-05,6.47458724506313e-05,6.47458724506313e-05,0,6.47458724506313e-05,0,6.47458724506313e-05,6.47458724506313e-05
"51",15441,1,1,1,1,0,0,240,15444,"a","a","g","g",6.47500647500648e-05,6.47500647500648e-05,0.00012950012950013,0.00012950012950013,6.47500647500648e-05,6.47500647500648e-05,6.47500647500648e-05,6.47500647500648e-05,0.000194250194250194,0.000194250194250194
"52",15443,0,0,2,0,0,0,241,15445,"a","a","g","g",0,0,0.000129491744901263,0.000129491744901263,0,0.000129491744901263,0,0.000129491744901263,0.000129491744901263,0.000129491744901263
"53",15441,0,3,0,0,0,0,242,15444,"a","a","g","g",0.000194250194250194,0.000194250194250194,0,0,0,0,0,0,0.000194250194250194,0.000194250194250194
"54",12971,0,2473,0,0,1,0,243,15444,"a","a","g","g",0.16012691012691,0.16012691012691,0,0,0,0,0,0,0.16012691012691,0.16012691012691
"55",0,15444,0,0,0,0,0,244,15444,"c","c","t","t",0,0,0,0,0,0,0,0,0,0
"56",1,15442,0,1,0,0,0,245,15444,"c","c","t","t",6.47500647500648e-05,6.47500647500648e-05,6.47500647500648e-05,6.47500647500648e-05,6.47500647500648e-05,0,6.47500647500648e-05,0,0.00012950012950013,0.00012950012950013
"57",3,15436,0,5,0,0,0,246,15444,"c","c","t","t",0.000323750323750324,0.000323750323750324,0.000194250194250194,0.000194250194250194,0.000194250194250194,0,0.000194250194250194,0,0.000518000518000518,0.000518000518000518
"58",0,2,1,15441,0,1,0,247,15444,"t","t","c","c",0.00012950012950013,0.00012950012950013,6.47500647500648e-05,6.47500647500648e-05,0,6.47500647500648e-05,0,6.47500647500648e-05,0.000194250194250194,0.000194250194250194
"59",4,0,15440,0,0,0,0,248,15444,"g","g","a","a",0.000259000259000259,0.000259000259000259,0,0,0,0,0,0,0.000259000259000259,0.000259000259000259
"60",2,7,0,15435,0,0,0,249,15444,"t","t","c","c",0.000453250453250453,0.000453250453250453,0.00012950012950013,0.00012950012950013,0.00012950012950013,0,0.00012950012950013,0,0.000582750582750583,0.000582750582750583
"61",4,0,15439,1,0,0,0,250,15444,"g","g","a","a",0.000259000259000259,0.000259000259000259,6.47500647500648e-05,6.47500647500648e-05,0,6.47500647500648e-05,0,6.47500647500648e-05,0.000323750323750324,0.000323750323750324
"62",2,1,1,15440,0,1,0,251,15444,"t","t","c","c",6.47500647500648e-05,6.47500647500648e-05,0.000194250194250194,0.000194250194250194,0.00012950012950013,6.47500647500648e-05,0.00012950012950013,6.47500647500648e-05,0.000259000259000259,0.000259000259000259
"63",15442,0,2,0,0,1,0,252,15444,"a","a","g","g",0.00012950012950013,0.00012950012950013,0,0,0,0,0,0,0.00012950012950013,0.00012950012950013
"64",15439,1,4,0,0,0,0,253,15444,"a","a","g","g",0.000259000259000259,0.000259000259000259,6.47500647500648e-05,6.47500647500648e-05,6.47500647500648e-05,0,6.47500647500648e-05,0,0.000323750323750324,0.000323750323750324
"65",15059,0,384,1,0,0,0,254,15444,"a","a","g","g",0.0248640248640249,0.0248640248640249,6.47500647500648e-05,6.47500647500648e-05,0,6.47500647500648e-05,0,6.47500647500648e-05,0.0249287749287749,0.0249287749287749
"66",15431,0,13,0,0,0,0,255,15444,"a","a","g","g",0.000841750841750842,0.000841750841750842,0,0,0,0,0,0,0.000841750841750842,0.000841750841750842
"67",0,2,0,15442,0,0,0,256,15444,"t","t","c","c",0.00012950012950013,0.00012950012950013,0,0,0,0,0,0,0.00012950012950013,0.00012950012950013
"68",1,0,1,15442,0,0,0,257,15444,"t","t","c","c",0,0,0.00012950012950013,0.00012950012950013,6.47500647500648e-05,6.47500647500648e-05,6.47500647500648e-05,6.47500647500648e-05,0.00012950012950013,0.00012950012950013
"69",13,0,15431,0,0,0,0,258,15444,"g","g","a","a",0.000841750841750842,0.000841750841750842,0,0,0,0,0,0,0.000841750841750842,0.000841750841750842
"70",15442,0,1,1,0,0,0,259,15444,"a","a","g","g",6.47500647500648e-05,6.47500647500648e-05,6.47500647500648e-05,6.47500647500648e-05,0,6.47500647500648e-05,0,6.47500647500648e-05,0.00012950012950013,0.00012950012950013
"71",1,15437,0,1,5,0,0,260,15439,"c","c","t","t",6.47710343934193e-05,6.47710343934193e-05,6.47710343934193e-05,6.47710343934193e-05,6.47710343934193e-05,0,6.47710343934193e-05,0,0.000129542068786839,0.000129542068786839
"72",1,15438,0,5,0,0,0,261,15444,"c","c","t","t",0.000323750323750324,0.000323750323750324,6.47500647500648e-05,6.47500647500648e-05,6.47500647500648e-05,0,6.47500647500648e-05,0,0.000388500388500389,0.000388500388500389
"73",1,15442,0,1,0,0,0,262,15444,"c","c","t","t",6.47500647500648e-05,6.47500647500648e-05,6.47500647500648e-05,6.47500647500648e-05,6.47500647500648e-05,0,6.47500647500648e-05,0,0.00012950012950013,0.00012950012950013
"74",0,15441,0,3,0,0,0,263,15444,"c","c","t","t",0.000194250194250194,0.000194250194250194,0,0,0,0,0,0,0.000194250194250194,0.000194250194250194
"75",3,15440,0,1,0,0,0,264,15444,"c","c","t","t",6.47500647500648e-05,6.47500647500648e-05,0.000194250194250194,0.000194250194250194,0.000194250194250194,0,0.000194250194250194,0,0.000259000259000259,0.000259000259000259
"76",0,1,0,15443,0,0,0,265,15444,"t","t","c","c",6.47500647500648e-05,6.47500647500648e-05,0,0,0,0,0,0,6.47500647500648e-05,6.47500647500648e-05
"77",0,0,0,15444,0,0,0,266,15444,"t","t","c","c",0,0,0,0,0,0,0,0,0,0
"78",15442,0,1,1,0,0,0,267,15444,"a","a","g","g",6.47500647500648e-05,6.47500647500648e-05,6.47500647500648e-05,6.47500647500648e-05,0,6.47500647500648e-05,0,6.47500647500648e-05,0.00012950012950013,0.00012950012950013
"79",0,2,1,15441,0,0,0,268,15444,"t","t","c","c",0.00012950012950013,0.00012950012950013,6.47500647500648e-05,6.47500647500648e-05,0,6.47500647500648e-05,0,6.47500647500648e-05,0.000194250194250194,0.000194250194250194
"80",3,0,15441,0,0,0,0,269,15444,"g","g","a","a",0.000194250194250194,0.000194250194250194,0,0,0,0,0,0,0.000194250194250194,0.000194250194250194
"81",0,15438,1,4,1,0,0,270,15443,"c","c","t","t",0.000259017030369747,0.000259017030369747,6.47542575924367e-05,6.47542575924367e-05,0,6.47542575924367e-05,0,6.47542575924367e-05,0.000323771287962183,0.000323771287962183
"82",15441,0,1,0,2,0,0,271,15442,"a","a","g","g",6.47584509778526e-05,6.47584509778526e-05,0,0,0,0,0,0,6.47584509778526e-05,6.47584509778526e-05
"83",0,1,0,15442,1,0,0,272,15443,"t","t","c","c",6.47542575924367e-05,6.47542575924367e-05,0,0,0,0,0,0,6.47542575924367e-05,6.47542575924367e-05
"84",0,11,0,15432,1,0,0,273,15443,"t","t","c","c",0.000712296833516804,0.000712296833516804,0,0,0,0,0,0,0.000712296833516804,0.000712296833516804
"85",15434,0,5,3,2,0,0,274,15442,"a","a","g","g",0.000323792254889263,0.000323792254889263,0.000194275352933558,0.000194275352933558,0,0.000194275352933558,0,0.000194275352933558,0.000518067607822821,0.000518067607822821
"86",0,15438,0,2,4,0,0,275,15440,"c","c","t","t",0.000129533678756477,0.000129533678756477,0,0,0,0,0,0,0.000129533678756477,0.000129533678756477
"87",2,15432,0,10,0,0,0,276,15444,"c","c","t","t",0.000647500647500647,0.000647500647500647,0.00012950012950013,0.00012950012950013,0.00012950012950013,0,0.00012950012950013,0,0.000777000777000777,0.000777000777000777
"88",15438,0,2,0,4,0,0,277,15440,"a","a","g","g",0.000129533678756477,0.000129533678756477,0,0,0,0,0,0,0.000129533678756477,0.000129533678756477
"89",0,0,0,15440,4,1,0,278,15440,"t","t","c","c",0,0,0,0,0,0,0,0,0,0
"90",12,0,15428,0,4,0,0,279,15440,"g","g","a","a",0.00077720207253886,0.00077720207253886,0,0,0,0,0,0,0.00077720207253886,0.00077720207253886
"91",15438,0,3,0,3,0,0,280,15441,"a","a","g","g",0.000194287934719254,0.000194287934719254,0,0,0,0,0,0,0.000194287934719254,0.000194287934719254
"92",10,0,15431,0,3,0,0,281,15441,"g","g","a","a",0.00064762644906418,0.00064762644906418,0,0,0,0,0,0,0.00064762644906418,0.00064762644906418
"93",15429,0,11,2,2,0,0,282,15442,"a","a","g","g",0.000712342960756379,0.000712342960756379,0.000129516901955705,0.000129516901955705,0,0.000129516901955705,0,0.000129516901955705,0.000841859862712084,0.000841859862712084
"94",1,0,1,15440,2,0,0,283,15442,"t","t","c","c",0,0,0.000129516901955705,0.000129516901955705,6.47584509778526e-05,6.47584509778526e-05,6.47584509778526e-05,6.47584509778526e-05,0.000129516901955705,0.000129516901955705
"95",3,0,15437,0,4,0,0,284,15440,"g","g","a","a",0.000194300518134715,0.000194300518134715,0,0,0,0,0,0,0.000194300518134715,0.000194300518134715
"96",1,15433,0,9,1,0,0,285,15443,"c","c","t","t",0.00058278831833193,0.00058278831833193,6.47542575924367e-05,6.47542575924367e-05,6.47542575924367e-05,0,6.47542575924367e-05,0,0.000647542575924367,0.000647542575924367
"97",15436,0,4,1,3,0,0,286,15441,"a","a","g","g",0.000259050579625672,0.000259050579625672,6.4762644906418e-05,6.4762644906418e-05,0,6.4762644906418e-05,0,6.4762644906418e-05,0.00032381322453209,0.00032381322453209
"98",15438,0,3,0,3,0,0,287,15441,"a","a","g","g",0.000194287934719254,0.000194287934719254,0,0,0,0,0,0,0.000194287934719254,0.000194287934719254
"99",0,11,1,15430,2,0,0,288,15442,"t","t","c","c",0.000712342960756379,0.000712342960756379,6.47584509778526e-05,6.47584509778526e-05,0,6.47584509778526e-05,0,6.47584509778526e-05,0.000777101411734231,0.000777101411734231
"100",15441,0,1,0,2,0,0,289,15442,"a","a","g","g",6.47584509778526e-05,6.47584509778526e-05,0,0,0,0,0,0,6.47584509778526e-05,6.47584509778526e-05
"101",15438,0,4,0,2,0,0,290,15442,"a","a","g","g",0.00025903380391141,0.00025903380391141,0,0,0,0,0,0,0.00025903380391141,0.00025903380391141
"102",5,0,15437,0,2,0,0,291,15442,"g","g","a","a",0.000323792254889263,0.000323792254889263,0,0,0,0,0,0,0.000323792254889263,0.000323792254889263
"103",15440,1,2,0,1,0,0,292,15443,"a","a","g","g",0.000129508515184873,0.000129508515184873,6.47542575924367e-05,6.47542575924367e-05,6.47542575924367e-05,0,6.47542575924367e-05,0,0.00019426277277731,0.00019426277277731
"104",1,15440,1,1,1,1,0,293,15443,"c","c","t","t",6.47542575924367e-05,6.47542575924367e-05,0.000129508515184873,0.000129508515184873,6.47542575924367e-05,6.47542575924367e-05,6.47542575924367e-05,6.47542575924367e-05,0.00019426277277731,0.00019426277277731
"105",15436,2,3,3,0,0,0,294,15444,"a","a","g","g",0.000194250194250194,0.000194250194250194,0.000323750323750324,0.000323750323750324,0.00012950012950013,0.000194250194250194,0.00012950012950013,0.000194250194250194,0.000518000518000518,0.000518000518000518
"106",2,0,15441,1,0,0,0,295,15444,"g","g","a","a",0.00012950012950013,0.00012950012950013,6.47500647500648e-05,6.47500647500648e-05,0,6.47500647500648e-05,0,6.47500647500648e-05,0.000194250194250194,0.000194250194250194
"107",15440,0,4,0,0,0,0,296,15444,"a","a","g","g",0.000259000259000259,0.000259000259000259,0,0,0,0,0,0,0.000259000259000259,0.000259000259000259
"108",2437,19,3,12984,1,0,0,297,15443,"t","t","c","c",0.0012303308942563,0.0012303308942563,0.158000388525546,0.158000388525546,0.157806125752768,0.00019426277277731,0.157806125752768,0.00019426277277731,0.159230719419802,0.159230719419802
"109",15441,0,3,0,0,0,0,298,15444,"a","a","g","g",0.000194250194250194,0.000194250194250194,0,0,0,0,0,0,0.000194250194250194,0.000194250194250194
"110",2,15442,0,0,0,0,0,299,15444,"c","c","t","t",0,0,0.00012950012950013,0.00012950012950013,0.00012950012950013,0,0.00012950012950013,0,0.00012950012950013,0.00012950012950013
"111",15430,0,14,0,0,0,0,300,15444,"a","a","g","g",0.000906500906500907,0.000906500906500907,0,0,0,0,0,0,0.000906500906500907,0.000906500906500907
"112",0,0,15444,0,0,0,0,301,15444,"g","g","a","a",0,0,0,0,0,0,0,0,0,0
"113",15440,0,4,0,0,0,0,302,15444,"a","a","g","g",0.000259000259000259,0.000259000259000259,0,0,0,0,0,0,0.000259000259000259,0.000259000259000259
"114",12,2879,1,12552,0,1,0,303,15444,"t","t","c","c",0.186415436415436,0.186415436415436,0.000841750841750842,0.000841750841750842,0.000777000777000777,6.47500647500648e-05,0.000777000777000777,6.47500647500648e-05,0.187257187257187,0.187257187257187
"115",15441,0,2,1,0,0,0,304,15444,"a","a","g","g",0.00012950012950013,0.00012950012950013,6.47500647500648e-05,6.47500647500648e-05,0,6.47500647500648e-05,0,6.47500647500648e-05,0.000194250194250194,0.000194250194250194
"116",7891,0,7552,0,1,0,0,305,15443,"a","g","g","a",0.489024153338082,0.510975846661918,0,0,0,0,0,0,0.510975846661918,0.489024153338082
"117",15400,0,44,0,0,0,0,306,15444,"a","a","g","g",0.00284900284900285,0.00284900284900285,0,0,0,0,0,0,0.00284900284900285,0.00284900284900285
"118",1,1,0,15442,0,1,0,307,15444,"t","t","c","c",6.47500647500648e-05,6.47500647500648e-05,6.47500647500648e-05,6.47500647500648e-05,6.47500647500648e-05,0,6.47500647500648e-05,0,0.00012950012950013,0.00012950012950013
"119",20,0,15422,0,2,0,0,308,15442,"g","g","a","a",0.00129516901955705,0.00129516901955705,0,0,0,0,0,0,0.00129516901955705,0.00129516901955705
"120",12,0,15430,1,1,0,0,309,15443,"g","g","a","a",0.00077705109110924,0.00077705109110924,6.47542575924367e-05,6.47542575924367e-05,0,6.47542575924367e-05,0,6.47542575924367e-05,0.000841805348701677,0.000841805348701677
"121",8,0,15435,0,1,0,0,310,15443,"g","g","a","a",0.000518034060739494,0.000518034060739494,0,0,0,0,0,0,0.000518034060739494,0.000518034060739494
"122",2,0,15441,0,1,0,0,311,15443,"g","g","a","a",0.000129508515184873,0.000129508515184873,0,0,0,0,0,0,0.000129508515184873,0.000129508515184873
"123",18,0,15425,1,0,0,0,312,15444,"g","g","a","a",0.00116550116550117,0.00116550116550117,6.47500647500648e-05,6.47500647500648e-05,0,6.47500647500648e-05,0,6.47500647500648e-05,0.00123025123025123,0.00123025123025123
"124",1,16,0,15425,2,0,0,313,15442,"t","t","c","c",0.00103613521564564,0.00103613521564564,6.47584509778526e-05,6.47584509778526e-05,6.47584509778526e-05,0,6.47584509778526e-05,0,0.00110089366662349,0.00110089366662349
"125",1,1,0,15442,0,0,0,314,15444,"t","t","c","c",6.47500647500648e-05,6.47500647500648e-05,6.47500647500648e-05,6.47500647500648e-05,6.47500647500648e-05,0,6.47500647500648e-05,0,0.00012950012950013,0.00012950012950013
"126",15436,0,7,1,0,0,0,315,15444,"a","a","g","g",0.000453250453250453,0.000453250453250453,6.47500647500648e-05,6.47500647500648e-05,0,6.47500647500648e-05,0,6.47500647500648e-05,0.000518000518000518,0.000518000518000518
"127",15442,0,2,0,0,0,0,316,15444,"a","a","g","g",0.00012950012950013,0.00012950012950013,0,0,0,0,0,0,0.00012950012950013,0.00012950012950013
"128",0,15444,0,0,0,1,0,317,15444,"c","c","t","t",0,0,0,0,0,0,0,0,0,0
"129",15442,0,1,0,1,2,0,318,15443,"a","a","g","g",6.47542575924367e-05,6.47542575924367e-05,0,0,0,0,0,0,6.47542575924367e-05,6.47542575924367e-05
"130",15,0,15428,0,1,1,0,319,15443,"g","g","a","a",0.000971313863886551,0.000971313863886551,0,0,0,0,0,0,0.000971313863886551,0.000971313863886551
"131",4,0,15439,0,1,1,0,320,15443,"g","g","a","a",0.000259017030369747,0.000259017030369747,0,0,0,0,0,0,0.000259017030369747,0.000259017030369747
"132",20,0,15423,0,1,1,0,321,15443,"g","g","a","a",0.00129508515184873,0.00129508515184873,0,0,0,0,0,0,0.00129508515184873,0.00129508515184873
"133",15439,0,5,0,0,1,0,322,15444,"a","a","g","g",0.000323750323750324,0.000323750323750324,0,0,0,0,0,0,0.000323750323750324,0.000323750323750324
"134",15419,21,4,0,0,8,0,323,15444,"a","a","g","g",0.000259000259000259,0.000259000259000259,0.00135975135975136,0.00135975135975136,0.00135975135975136,0,0.00135975135975136,0,0.00161875161875162,0.00161875161875162
"135",13,1,4,15414,12,842,0,324,15432,"t","t","c","c",6.48004147226542e-05,6.48004147226542e-05,0.00110160705028512,0.00110160705028512,0.000842405391394505,0.000259201658890617,0.000842405391394505,0.000259201658890617,0.00116640746500778,0.00116640746500778
"136",34,261,15137,0,12,7420,0,325,15432,"g","g","a","a",0.00220321410057024,0.00220321410057024,0.0169129082426128,0.0169129082426128,0.0169129082426128,0,0.0169129082426128,0,0.019116122343183,0.019116122343183
"137",7465,1924,4,5965,86,254,0,326,15358,"a","t","g","c",0.000260450579502539,0.125276728740721,0.513673655423883,0.486326344576117,0.125276728740721,0.388396926683162,0.486065893996614,0.000260450579502539,0.611603073316838,0.513934106003386
"138",15265,2,8,0,169,44,0,327,15275,"a","a","g","g",0.000523731587561375,0.000523731587561375,0.000130932896890344,0.000130932896890344,0.000130932896890344,0,0.000130932896890344,0,0.000654664484451719,0.000654664484451719
"139",3483,7762,2,4017,180,7745,0,328,15264,"c","c","t","t",0.263168238993711,0.263168238993711,0.22831498951782,0.22831498951782,0.228183962264151,0.000131027253668763,0.228183962264151,0.000131027253668763,0.49148322851153,0.49148322851153
"140",0,15356,0,5,83,22,0,329,15361,"c","c","t","t",0.000325499641950394,0.000325499641950394,0,0,0,0,0,0,0.000325499641950394,0.000325499641950394
"141",15440,0,3,1,0,6,0,330,15444,"a","a","g","g",0.000194250194250194,0.000194250194250194,6.47500647500648e-05,6.47500647500648e-05,0,6.47500647500648e-05,0,6.47500647500648e-05,0.000259000259000259,0.000259000259000259
"142",15364,16,62,2,0,3,0,331,15444,"a","a","g","g",0.00401450401450401,0.00401450401450401,0.00116550116550117,0.00116550116550117,0.00103600103600104,0.00012950012950013,0.00103600103600104,0.00012950012950013,0.00518000518000518,0.00518000518000518
"143",0,15421,0,23,0,6,0,332,15444,"c","c","t","t",0.00148925148925149,0.00148925148925149,0,0,0,0,0,0,0.00148925148925149,0.00148925148925149
"144",15442,0,2,0,0,1,0,333,15444,"a","a","g","g",0.00012950012950013,0.00012950012950013,0,0,0,0,0,0,0.00012950012950013,0.00012950012950013
"145",15432,1,11,0,0,0,0,334,15444,"a","a","g","g",0.000712250712250712,0.000712250712250712,6.47500647500648e-05,6.47500647500648e-05,6.47500647500648e-05,0,6.47500647500648e-05,0,0.000777000777000777,0.000777000777000777
"146",0,15437,0,7,0,11,0,335,15444,"c","c","t","t",0.000453250453250453,0.000453250453250453,0,0,0,0,0,0,0.000453250453250453,0.000453250453250453
"147",15436,0,3,1,4,4,0,336,15440,"a","a","g","g",0.000194300518134715,0.000194300518134715,6.47668393782383e-05,6.47668393782383e-05,0,6.47668393782383e-05,0,6.47668393782383e-05,0.000259067357512953,0.000259067357512953
"148",15433,0,11,0,0,2,0,337,15444,"a","a","g","g",0.000712250712250712,0.000712250712250712,0,0,0,0,0,0,0.000712250712250712,0.000712250712250712
"149",0,15437,0,3,4,4,0,338,15440,"c","c","t","t",0.000194300518134715,0.000194300518134715,0,0,0,0,0,0,0.000194300518134715,0.000194300518134715
"150",15436,0,8,0,0,3,0,339,15444,"a","a","g","g",0.000518000518000518,0.000518000518000518,0,0,0,0,0,0,0.000518000518000518,0.000518000518000518
"151",9311,0,6129,0,4,15,0,340,15440,"a","g","g","a",0.396955958549223,0.603044041450777,0,0,0,0,0,0,0.603044041450777,0.396955958549223
"152",1,15436,0,4,3,16,0,341,15441,"c","c","t","t",0.000259050579625672,0.000259050579625672,6.4762644906418e-05,6.4762644906418e-05,6.4762644906418e-05,0,6.4762644906418e-05,0,0.00032381322453209,0.00032381322453209
"153",15421,1,18,1,3,10,0,342,15441,"a","a","g","g",0.00116572760831552,0.00116572760831552,0.000129525289812836,0.000129525289812836,6.4762644906418e-05,6.4762644906418e-05,6.4762644906418e-05,6.4762644906418e-05,0.00129525289812836,0.00129525289812836
"154",15372,0,3,66,3,10,0,343,15441,"a","a","g","g",0.000194287934719254,0.000194287934719254,0.00427433456382359,0.00427433456382359,0,0.00427433456382359,0,0.00427433456382359,0.00446862249854284,0.00446862249854284
"155",0,15438,0,5,1,5096,0,344,15443,"c","c","t","t",0.000323771287962183,0.000323771287962183,0,0,0,0,0,0,0.000323771287962183,0.000323771287962183
"156",15441,0,2,0,1,5196,0,345,15443,"a","a","g","g",0.000129508515184873,0.000129508515184873,0,0,0,0,0,0,0.000129508515184873,0.000129508515184873
"157",11861,0,3582,0,1,5198,0,346,15443,"a","a","g","g",0.231949750696108,0.231949750696108,0,0,0,0,0,0,0.231949750696108,0.231949750696108
"158",0,15440,0,4,0,1,0,347,15444,"c","c","t","t",0.000259000259000259,0.000259000259000259,0,0,0,0,0,0,0.000259000259000259,0.000259000259000259
"159",15442,1,1,0,0,3,0,348,15444,"a","a","g","g",6.47500647500648e-05,6.47500647500648e-05,6.47500647500648e-05,6.47500647500648e-05,6.47500647500648e-05,0,6.47500647500648e-05,0,0.00012950012950013,0.00012950012950013
"160",82,7,5,15350,0,1,0,349,15444,"t","t","c","c",0.000453250453250453,0.000453250453250453,0.00563325563325563,0.00563325563325563,0.00530950530950531,0.000323750323750324,0.00530950530950531,0.000323750323750324,0.00608650608650609,0.00608650608650609
"161",0,15438,0,5,1,0,0,350,15443,"c","c","t","t",0.000323771287962183,0.000323771287962183,0,0,0,0,0,0,0.000323771287962183,0.000323771287962183
"162",15433,0,10,0,1,0,0,351,15443,"a","a","g","g",0.000647542575924367,0.000647542575924367,0,0,0,0,0,0,0.000647542575924367,0.000647542575924367
"163",15339,0,100,4,1,0,0,352,15443,"a","a","g","g",0.00647542575924367,0.00647542575924367,0.000259017030369747,0.000259017030369747,0,0.000259017030369747,0,0.000259017030369747,0.00673444278961342,0.00673444278961342
"164",0,15432,0,11,1,1,0,353,15443,"c","c","t","t",0.000712296833516804,0.000712296833516804,0,0,0,0,0,0,0.000712296833516804,0.000712296833516804
"165",15441,0,1,1,1,16,0,354,15443,"a","a","g","g",6.47542575924367e-05,6.47542575924367e-05,6.47542575924367e-05,6.47542575924367e-05,0,6.47542575924367e-05,0,6.47542575924367e-05,0.000129508515184873,0.000129508515184873
"166",15236,65,142,0,1,16,0,355,15443,"a","a","g","g",0.00919510457812601,0.00919510457812601,0.00420902674350839,0.00420902674350839,0.00420902674350839,0,0.00420902674350839,0,0.0134041313216344,0.0134041313216344
"167",0,15422,9,13,0,0,0,356,15444,"c","c","t","t",0.000841750841750842,0.000841750841750842,0.000582750582750583,0.000582750582750583,0,0.000582750582750583,0,0.000582750582750583,0.00142450142450142,0.00142450142450142
"168",15435,0,8,1,0,0,0,357,15444,"a","a","g","g",0.000518000518000518,0.000518000518000518,6.47500647500648e-05,6.47500647500648e-05,0,6.47500647500648e-05,0,6.47500647500648e-05,0.000582750582750583,0.000582750582750583
"169",15431,0,12,1,0,0,0,358,15444,"a","a","g","g",0.000777000777000777,0.000777000777000777,6.47500647500648e-05,6.47500647500648e-05,0,6.47500647500648e-05,0,6.47500647500648e-05,0.000841750841750842,0.000841750841750842
"170",0,15370,0,9,65,0,0,359,15379,"c","c","t","t",0.000585213602965082,0.000585213602965082,0,0,0,0,0,0,0.000585213602965082,0.000585213602965082
"171",15433,1,8,2,0,0,0,360,15444,"a","a","g","g",0.000518000518000518,0.000518000518000518,0.000194250194250194,0.000194250194250194,6.47500647500648e-05,0.00012950012950013,6.47500647500648e-05,0.00012950012950013,0.000712250712250712,0.000712250712250712
"172",4,15341,15,18,65,0,0,361,15378,"c","c","t","t",0.00117050331642606,0.00117050331642606,0.00123553127844973,0.00123553127844973,0.000260111848094681,0.000975419430355053,0.000260111848094681,0.000975419430355053,0.0024060345948758,0.0024060345948758
"173",71,15355,0,17,0,3,0,362,15443,"c","c","t","t",0.00110082237907142,0.00110082237907142,0.00459755228906301,0.00459755228906301,0.00459755228906301,0,0.00459755228906301,0,0.00569837466813443,0.00569837466813443
"174",15373,0,69,1,0,4,0,363,15443,"a","a","g","g",0.00446804377387813,0.00446804377387813,6.47542575924367e-05,6.47542575924367e-05,0,6.47542575924367e-05,0,6.47542575924367e-05,0.00453279803147057,0.00453279803147057
"175",15376,0,67,0,0,7,0,364,15443,"a","a","g","g",0.00433853525869326,0.00433853525869326,0,0,0,0,0,0,0.00433853525869326,0.00433853525869326
"176",15420,1,22,0,0,1,0,365,15443,"a","a","g","g",0.00142459366703361,0.00142459366703361,6.47542575924367e-05,6.47542575924367e-05,6.47542575924367e-05,0,6.47542575924367e-05,0,0.00148934792462604,0.00148934792462604
"177",15422,2,19,0,0,4111,0,366,15443,"a","a","g","g",0.0012303308942563,0.0012303308942563,0.000129508515184873,0.000129508515184873,0.000129508515184873,0,0.000129508515184873,0,0.00135983940944117,0.00135983940944117
"178",35,0,15408,0,0,57,0,367,15443,"g","g","a","a",0.00226639901573528,0.00226639901573528,0,0,0,0,0,0,0.00226639901573528,0.00226639901573528
"179",15350,1,24,0,67,56,0,368,15375,"a","a","g","g",0.0015609756097561,0.0015609756097561,6.50406504065041e-05,6.50406504065041e-05,6.50406504065041e-05,0,6.50406504065041e-05,0,0.0016260162601626,0.0016260162601626
"180",15435,0,6,0,1,4080,0,369,15441,"a","a","g","g",0.000388575869438508,0.000388575869438508,0,0,0,0,0,0,0.000388575869438508,0.000388575869438508
"181",14743,2,696,0,1,4080,0,370,15441,"a","a","g","g",0.0450748008548669,0.0450748008548669,0.000129525289812836,0.000129525289812836,0.000129525289812836,0,0.000129525289812836,0,0.0452043261446798,0.0452043261446798
"182",2,15411,1,27,1,0,0,371,15441,"c","c","t","t",0.00174859141247329,0.00174859141247329,0.000194287934719254,0.000194287934719254,0.000129525289812836,6.4762644906418e-05,0.000129525289812836,6.4762644906418e-05,0.00194287934719254,0.00194287934719254
"183",15435,0,7,0,0,0,0,372,15442,"a","a","g","g",0.000453309156844968,0.000453309156844968,0,0,0,0,0,0,0.000453309156844968,0.000453309156844968
"184",1923,0,13518,1,0,0,0,373,15442,"g","a","a","g",0.124530501230411,0.875404740318612,6.47584509778526e-05,6.47584509778526e-05,0,6.47584509778526e-05,0,6.47584509778526e-05,0.875469498769589,0.124595259681388
"185",15429,1,11,1,0,0,0,374,15442,"a","a","g","g",0.000712342960756379,0.000712342960756379,0.000129516901955705,0.000129516901955705,6.47584509778526e-05,6.47584509778526e-05,6.47584509778526e-05,6.47584509778526e-05,0.000841859862712084,0.000841859862712084
"186",4,8,4,15425,1,0,0,375,15441,"t","t","c","c",0.000518101159251344,0.000518101159251344,0.000518101159251344,0.000518101159251344,0.000259050579625672,0.000259050579625672,0.000259050579625672,0.000259050579625672,0.00103620231850269,0.00103620231850269
"187",29,0,15413,0,0,0,0,376,15442,"g","g","a","a",0.00187799507835773,0.00187799507835773,0,0,0,0,0,0,0.00187799507835773,0.00187799507835773
"188",2,2,0,15436,2,0,0,377,15440,"t","t","c","c",0.000129533678756477,0.000129533678756477,0.000129533678756477,0.000129533678756477,0.000129533678756477,0,0.000129533678756477,0,0.000259067357512953,0.000259067357512953
"189",5,3,4,15429,1,0,0,378,15441,"t","t","c","c",0.000194287934719254,0.000194287934719254,0.000582863804157762,0.000582863804157762,0.00032381322453209,0.000259050579625672,0.00032381322453209,0.000259050579625672,0.000777151738877016,0.000777151738877016
"190",8,0,15434,0,0,0,0,379,15442,"g","g","a","a",0.000518067607822821,0.000518067607822821,0,0,0,0,0,0,0.000518067607822821,0.000518067607822821
"191",2,2,1,15436,1,0,0,380,15441,"t","t","c","c",0.000129525289812836,0.000129525289812836,0.000194287934719254,0.000194287934719254,0.000129525289812836,6.4762644906418e-05,0.000129525289812836,6.4762644906418e-05,0.00032381322453209,0.00032381322453209
"192",15423,0,15,2,2,0,0,381,15440,"a","a","g","g",0.000971502590673575,0.000971502590673575,0.000129533678756477,0.000129533678756477,0,0.000129533678756477,0,0.000129533678756477,0.00110103626943005,0.00110103626943005
"193",15410,0,31,0,1,0,0,382,15441,"a","a","g","g",0.00200764199209896,0.00200764199209896,0,0,0,0,0,0,0.00200764199209896,0.00200764199209896
"194",15436,0,5,0,1,0,0,383,15441,"a","a","g","g",0.00032381322453209,0.00032381322453209,0,0,0,0,0,0,0.00032381322453209,0.00032381322453209
"195",1,17,0,15423,1,0,0,384,15441,"t","t","c","c",0.00110096496340911,0.00110096496340911,6.4762644906418e-05,6.4762644906418e-05,6.4762644906418e-05,0,6.4762644906418e-05,0,0.00116572760831552,0.00116572760831552
"196",17,0,15425,0,0,0,0,385,15442,"g","g","a","a",0.00110089366662349,0.00110089366662349,0,0,0,0,0,0,0.00110089366662349,0.00110089366662349
"197",15436,0,4,0,2,0,0,386,15440,"a","a","g","g",0.000259067357512953,0.000259067357512953,0,0,0,0,0,0,0.000259067357512953,0.000259067357512953
"198",15429,0,11,1,1,0,0,387,15441,"a","a","g","g",0.000712389093970598,0.000712389093970598,6.4762644906418e-05,6.4762644906418e-05,0,6.4762644906418e-05,0,6.4762644906418e-05,0.000777151738877016,0.000777151738877016
"199",15371,0,69,1,1,0,0,388,15441,"a","a","g","g",0.00446862249854284,0.00446862249854284,6.4762644906418e-05,6.4762644906418e-05,0,6.4762644906418e-05,0,6.4762644906418e-05,0.00453338514344926,0.00453338514344926
"200",14,15422,4,1,1,0,0,389,15441,"c","c","t","t",6.4762644906418e-05,6.4762644906418e-05,0.00116572760831552,0.00116572760831552,0.000906677028689852,0.000259050579625672,0.000906677028689852,0.000259050579625672,0.00123049025322194,0.00123049025322194
"201",2,7,0,15432,1,0,0,390,15441,"t","t","c","c",0.000453338514344926,0.000453338514344926,0.000129525289812836,0.000129525289812836,0.000129525289812836,0,0.000129525289812836,0,0.000582863804157762,0.000582863804157762
"202",15440,0,2,0,0,0,0,391,15442,"a","a","g","g",0.000129516901955705,0.000129516901955705,0,0,0,0,0,0,0.000129516901955705,0.000129516901955705
"203",1,2,15437,1,1,0,0,392,15441,"g","g","a","a",6.4762644906418e-05,6.4762644906418e-05,0.000194287934719254,0.000194287934719254,0.000129525289812836,6.4762644906418e-05,0.000129525289812836,6.4762644906418e-05,0.000259050579625672,0.000259050579625672
"204",1,6,0,15434,1,0,0,393,15441,"t","t","c","c",0.000388575869438508,0.000388575869438508,6.4762644906418e-05,6.4762644906418e-05,6.4762644906418e-05,0,6.4762644906418e-05,0,0.000453338514344926,0.000453338514344926
"205",0,11,0,15430,1,0,0,394,15441,"t","t","c","c",0.000712389093970598,0.000712389093970598,0,0,0,0,0,0,0.000712389093970598,0.000712389093970598
"206",0,15436,2,3,1,0,0,395,15441,"c","c","t","t",0.000194287934719254,0.000194287934719254,0.000129525289812836,0.000129525289812836,0,0.000129525289812836,0,0.000129525289812836,0.00032381322453209,0.00032381322453209
"207",0,8,0,15433,1,0,0,396,15441,"t","t","c","c",0.000518101159251344,0.000518101159251344,0,0,0,0,0,0,0.000518101159251344,0.000518101159251344
"208",0,2,1,15438,1,0,0,397,15441,"t","t","c","c",0.000129525289812836,0.000129525289812836,6.4762644906418e-05,6.4762644906418e-05,0,6.4762644906418e-05,0,6.4762644906418e-05,0.000194287934719254,0.000194287934719254
"209",6,0,15436,0,0,0,0,398,15442,"g","g","a","a",0.000388550705867116,0.000388550705867116,0,0,0,0,0,0,0.000388550705867116,0.000388550705867116
"210",0,71,0,15371,0,0,0,399,15442,"t","t","c","c",0.00459785001942754,0.00459785001942754,0,0,0,0,0,0,0.00459785001942754,0.00459785001942754
"211",10,0,15431,0,1,0,0,400,15441,"g","g","a","a",0.00064762644906418,0.00064762644906418,0,0,0,0,0,0,0.00064762644906418,0.00064762644906418
"212",1,0,0,15441,0,15,0,401,15442,"t","t","c","c",0,0,6.47584509778526e-05,6.47584509778526e-05,6.47584509778526e-05,0,6.47584509778526e-05,0,6.47584509778526e-05,6.47584509778526e-05
"213",15421,0,13,0,8,0,0,402,15434,"a","a","g","g",0.000842296229104574,0.000842296229104574,0,0,0,0,0,0,0.000842296229104574,0.000842296229104574
"214",15429,0,9,2,2,0,0,403,15440,"a","a","g","g",0.000582901554404145,0.000582901554404145,0.000129533678756477,0.000129533678756477,0,0.000129533678756477,0,0.000129533678756477,0.000712435233160622,0.000712435233160622
"215",15434,0,7,0,1,0,0,404,15441,"a","a","g","g",0.000453338514344926,0.000453338514344926,0,0,0,0,0,0,0.000453338514344926,0.000453338514344926
"216",15434,0,7,0,1,0,0,405,15441,"a","a","g","g",0.000453338514344926,0.000453338514344926,0,0,0,0,0,0,0.000453338514344926,0.000453338514344926
"217",15437,0,4,0,1,0,0,406,15441,"a","a","g","g",0.000259050579625672,0.000259050579625672,0,0,0,0,0,0,0.000259050579625672,0.000259050579625672
"218",15435,2,3,1,1,0,0,407,15441,"a","a","g","g",0.000194287934719254,0.000194287934719254,0.000194287934719254,0.000194287934719254,0.000129525289812836,6.4762644906418e-05,0.000129525289812836,6.4762644906418e-05,0.000388575869438508,0.000388575869438508
"219",1,15421,0,20,0,1,0,408,15442,"c","c","t","t",0.00129516901955705,0.00129516901955705,6.47584509778526e-05,6.47584509778526e-05,6.47584509778526e-05,0,6.47584509778526e-05,0,0.0013599274705349,0.0013599274705349
"220",15436,0,5,0,1,0,0,409,15441,"a","a","g","g",0.00032381322453209,0.00032381322453209,0,0,0,0,0,0,0.00032381322453209,0.00032381322453209
"221",15437,0,5,0,1,0,0,410,15442,"a","a","g","g",0.000323792254889263,0.000323792254889263,0,0,0,0,0,0,0.000323792254889263,0.000323792254889263
"222",0,3,0,15439,1,0,0,411,15442,"t","t","c","c",0.000194275352933558,0.000194275352933558,0,0,0,0,0,0,0.000194275352933558,0.000194275352933558
"223",15440,0,2,0,1,0,0,412,15442,"a","a","g","g",0.000129516901955705,0.000129516901955705,0,0,0,0,0,0,0.000129516901955705,0.000129516901955705
"224",15438,0,4,0,1,0,0,413,15442,"a","a","g","g",0.00025903380391141,0.00025903380391141,0,0,0,0,0,0,0.00025903380391141,0.00025903380391141
"225",0,5,1,15437,0,0,0,414,15443,"t","t","c","c",0.000323771287962183,0.000323771287962183,6.47542575924367e-05,6.47542575924367e-05,0,6.47542575924367e-05,0,6.47542575924367e-05,0.00038852554555462,0.00038852554555462
"226",0,0,2,15440,0,0,0,415,15442,"t","t","c","c",0,0,0.000129516901955705,0.000129516901955705,0,0.000129516901955705,0,0.000129516901955705,0.000129516901955705,0.000129516901955705
"227",8,0,15434,0,0,0,0,416,15442,"g","g","a","a",0.000518067607822821,0.000518067607822821,0,0,0,0,0,0,0.000518067607822821,0.000518067607822821
"228",1,13,0,15428,0,0,0,417,15442,"t","t","c","c",0.000841859862712084,0.000841859862712084,6.47584509778526e-05,6.47584509778526e-05,6.47584509778526e-05,0,6.47584509778526e-05,0,0.000906618313689937,0.000906618313689937
"229",15441,0,1,0,0,0,0,418,15442,"a","a","g","g",6.47584509778526e-05,6.47584509778526e-05,0,0,0,0,0,0,6.47584509778526e-05,6.47584509778526e-05
"230",0,15438,0,4,0,0,0,419,15442,"c","c","t","t",0.00025903380391141,0.00025903380391141,0,0,0,0,0,0,0.00025903380391141,0.00025903380391141
"231",15419,3,19,1,0,0,0,420,15442,"a","a","g","g",0.0012304105685792,0.0012304105685792,0.00025903380391141,0.00025903380391141,0.000194275352933558,6.47584509778526e-05,0.000194275352933558,6.47584509778526e-05,0.00148944437249061,0.00148944437249061
"232",3,0,15439,0,0,0,0,421,15442,"g","g","a","a",0.000194275352933558,0.000194275352933558,0,0,0,0,0,0,0.000194275352933558,0.000194275352933558
"233",4,0,15438,0,0,0,0,422,15442,"g","g","a","a",0.00025903380391141,0.00025903380391141,0,0,0,0,0,0,0.00025903380391141,0.00025903380391141
"234",2,15430,0,9,1,0,0,423,15441,"c","c","t","t",0.000582863804157762,0.000582863804157762,0.000129525289812836,0.000129525289812836,0.000129525289812836,0,0.000129525289812836,0,0.000712389093970598,0.000712389093970598
"235",0,5,0,15436,1,0,0,424,15441,"t","t","c","c",0.00032381322453209,0.00032381322453209,0,0,0,0,0,0,0.00032381322453209,0.00032381322453209
"236",0,1,0,15440,0,0,0,425,15441,"t","t","c","c",6.4762644906418e-05,6.4762644906418e-05,0,0,0,0,0,0,6.4762644906418e-05,6.4762644906418e-05
"237",15437,0,3,1,0,0,0,426,15441,"a","a","g","g",0.000194287934719254,0.000194287934719254,6.4762644906418e-05,6.4762644906418e-05,0,6.4762644906418e-05,0,6.4762644906418e-05,0.000259050579625672,0.000259050579625672
"238",6,2,15433,0,0,0,0,427,15441,"g","g","a","a",0.000388575869438508,0.000388575869438508,0.000129525289812836,0.000129525289812836,0.000129525289812836,0,0.000129525289812836,0,0.000518101159251344,0.000518101159251344
"239",15426,1,13,1,0,0,0,428,15441,"a","a","g","g",0.000841914383783434,0.000841914383783434,0.000129525289812836,0.000129525289812836,6.4762644906418e-05,6.4762644906418e-05,6.4762644906418e-05,6.4762644906418e-05,0.00097143967359627,0.00097143967359627
"240",72,0,15367,1,1,0,0,429,15440,"g","g","a","a",0.00466321243523316,0.00466321243523316,6.47668393782383e-05,6.47668393782383e-05,0,6.47668393782383e-05,0,6.47668393782383e-05,0.0047279792746114,0.0047279792746114
"241",0,15436,0,4,1,0,0,430,15440,"c","c","t","t",0.000259067357512953,0.000259067357512953,0,0,0,0,0,0,0.000259067357512953,0.000259067357512953
"242",15266,107,66,2,1,0,0,431,15441,"a","c","g","t",0.00427433456382359,0.000129525289812836,0.00705912829479956,0.9929408717052,0.00692960300498672,0.000129525289812836,0.988666537141377,0.00427433456382359,0.993070396995013,0.0113334628586231
"243",10533,0,4908,0,1,0,0,432,15441,"a","g","g","a",0.317855061200699,0.682144938799301,0,0,0,0,0,0,0.682144938799301,0.317855061200699
"244",7,0,15435,0,0,0,0,433,15442,"g","g","a","a",0.000453309156844968,0.000453309156844968,0,0,0,0,0,0,0.000453309156844968,0.000453309156844968
"245",15440,0,1,0,1,0,0,434,15441,"a","a","g","g",6.4762644906418e-05,6.4762644906418e-05,0,0,0,0,0,0,6.4762644906418e-05,6.4762644906418e-05
"246",15431,1,9,0,1,0,0,435,15441,"a","a","g","g",0.000582863804157762,0.000582863804157762,6.4762644906418e-05,6.4762644906418e-05,6.4762644906418e-05,0,6.4762644906418e-05,0,0.00064762644906418,0.00064762644906418
"247",0,15441,0,0,1,0,0,436,15441,"c","c","t","t",0,0,0,0,0,0,0,0,0,0
"248",0,15440,0,2,0,0,0,437,15442,"c","c","t","t",0.000129516901955705,0.000129516901955705,0,0,0,0,0,0,0.000129516901955705,0.000129516901955705
"249",15372,56,13,0,1,0,0,438,15441,"a","a","g","g",0.000841914383783434,0.000841914383783434,0.00362670811475941,0.00362670811475941,0.00362670811475941,0,0.00362670811475941,0,0.00446862249854284,0.00446862249854284
"250",15439,0,2,0,1,0,0,439,15441,"a","a","g","g",0.000129525289812836,0.000129525289812836,0,0,0,0,0,0,0.000129525289812836,0.000129525289812836
"251",3,1,1,15436,1,0,0,440,15441,"t","t","c","c",6.4762644906418e-05,6.4762644906418e-05,0.000259050579625672,0.000259050579625672,0.000194287934719254,6.4762644906418e-05,0.000194287934719254,6.4762644906418e-05,0.00032381322453209,0.00032381322453209
"252",5,0,15436,0,1,0,0,441,15441,"g","g","a","a",0.00032381322453209,0.00032381322453209,0,0,0,0,0,0,0.00032381322453209,0.00032381322453209
"253",9,0,15431,1,1,0,0,442,15441,"g","g","a","a",0.000582863804157762,0.000582863804157762,6.4762644906418e-05,6.4762644906418e-05,0,6.4762644906418e-05,0,6.4762644906418e-05,0.00064762644906418,0.00064762644906418
"254",0,2,0,15439,1,0,0,443,15441,"t","t","c","c",0.000129525289812836,0.000129525289812836,0,0,0,0,0,0,0.000129525289812836,0.000129525289812836
"255",15436,0,5,0,1,0,0,444,15441,"a","a","g","g",0.00032381322453209,0.00032381322453209,0,0,0,0,0,0,0.00032381322453209,0.00032381322453209
"256",15435,0,7,0,0,0,0,445,15442,"a","a","g","g",0.000453309156844968,0.000453309156844968,0,0,0,0,0,0,0.000453309156844968,0.000453309156844968
"257",4,0,15438,0,0,0,0,446,15442,"g","g","a","a",0.00025903380391141,0.00025903380391141,0,0,0,0,0,0,0.00025903380391141,0.00025903380391141
"258",0,15437,0,4,1,0,0,447,15441,"c","c","t","t",0.000259050579625672,0.000259050579625672,0,0,0,0,0,0,0.000259050579625672,0.000259050579625672
"259",1,3,0,15437,1,0,0,448,15441,"t","t","c","c",0.000194287934719254,0.000194287934719254,6.4762644906418e-05,6.4762644906418e-05,6.4762644906418e-05,0,6.4762644906418e-05,0,0.000259050579625672,0.000259050579625672
"260",2,0,15439,1,0,0,0,449,15442,"g","g","a","a",0.000129516901955705,0.000129516901955705,6.47584509778526e-05,6.47584509778526e-05,0,6.47584509778526e-05,0,6.47584509778526e-05,0.000194275352933558,0.000194275352933558
"261",0,3,0,15438,0,0,0,450,15441,"t","t","c","c",0.000194287934719254,0.000194287934719254,0,0,0,0,0,0,0.000194287934719254,0.000194287934719254
"262",15441,0,0,0,0,0,0,451,15441,"a","a","g","g",0,0,0,0,0,0,0,0,0,0
"263",15337,0,103,0,0,0,0,452,15440,"a","a","g","g",0.00667098445595855,0.00667098445595855,0,0,0,0,0,0,0.00667098445595855,0.00667098445595855
"264",15354,0,21,0,0,0,0,453,15375,"a","a","g","g",0.00136585365853659,0.00136585365853659,0,0,0,0,0,0,0.00136585365853659,0.00136585365853659
"265",0,1,1,15441,0,0,0,454,15443,"t","t","c","c",6.47542575924367e-05,6.47542575924367e-05,6.47542575924367e-05,6.47542575924367e-05,0,6.47542575924367e-05,0,6.47542575924367e-05,0.000129508515184873,0.000129508515184873
"266",0,3,0,15441,0,0,0,455,15444,"t","t","c","c",0.000194250194250194,0.000194250194250194,0,0,0,0,0,0,0.000194250194250194,0.000194250194250194
"267",0,7,0,15437,0,1,0,456,15444,"t","t","c","c",0.000453250453250453,0.000453250453250453,0,0,0,0,0,0,0.000453250453250453,0.000453250453250453
"268",15444,0,0,0,0,0,0,457,15444,"a","a","g","g",0,0,0,0,0,0,0,0,0,0
"269",15440,0,3,1,0,0,0,458,15444,"a","a","g","g",0.000194250194250194,0.000194250194250194,6.47500647500648e-05,6.47500647500648e-05,0,6.47500647500648e-05,0,6.47500647500648e-05,0.000259000259000259,0.000259000259000259
"270",1,15432,0,10,0,0,0,459,15443,"c","c","t","t",0.000647542575924367,0.000647542575924367,6.47542575924367e-05,6.47542575924367e-05,6.47542575924367e-05,0,6.47542575924367e-05,0,0.000712296833516804,0.000712296833516804
"271",15442,0,1,0,0,0,0,460,15443,"a","a","g","g",6.47542575924367e-05,6.47542575924367e-05,0,0,0,0,0,0,6.47542575924367e-05,6.47542575924367e-05
"272",0,0,1,15442,0,0,0,461,15443,"t","t","c","c",0,0,6.47542575924367e-05,6.47542575924367e-05,0,6.47542575924367e-05,0,6.47542575924367e-05,6.47542575924367e-05,6.47542575924367e-05
"273",5,0,15435,0,0,0,0,462,15440,"g","g","a","a",0.000323834196891192,0.000323834196891192,0,0,0,0,0,0,0.000323834196891192,0.000323834196891192
"274",15438,0,1,1,0,0,0,463,15440,"a","a","g","g",6.47668393782383e-05,6.47668393782383e-05,6.47668393782383e-05,6.47668393782383e-05,0,6.47668393782383e-05,0,6.47668393782383e-05,0.000129533678756477,0.000129533678756477
"275",0,15438,0,2,0,0,0,464,15440,"c","c","t","t",0.000129533678756477,0.000129533678756477,0,0,0,0,0,0,0.000129533678756477,0.000129533678756477
"276",425,6,1,15006,2,2,0,465,15438,"t","t","c","c",0.000388651379712398,0.000388651379712398,0.0275942479595803,0.0275942479595803,0.0275294727296282,6.47752299520663e-05,0.0275294727296282,6.47752299520663e-05,0.0279828993392927,0.0279828993392927
"277",85,0,15353,0,2,0,0,466,15438,"g","g","a","a",0.00550589454592564,0.00550589454592564,0,0,0,0,0,0,0.00550589454592564,0.00550589454592564
"278",1,0,15436,1,2,0,0,467,15438,"g","g","a","a",6.47752299520663e-05,6.47752299520663e-05,6.47752299520663e-05,6.47752299520663e-05,0,6.47752299520663e-05,0,6.47752299520663e-05,0.000129550459904133,0.000129550459904133
"279",13,0,15420,0,2,0,0,468,15433,"g","g","a","a",0.000842350806712888,0.000842350806712888,0,0,0,0,0,0,0.000842350806712888,0.000842350806712888
"280",0,1,0,15439,3,0,0,469,15440,"t","t","c","c",6.47668393782383e-05,6.47668393782383e-05,0,0,0,0,0,0,6.47668393782383e-05,6.47668393782383e-05
"281",0,1,1,15441,0,11,0,470,15443,"t","t","c","c",6.47542575924367e-05,6.47542575924367e-05,6.47542575924367e-05,6.47542575924367e-05,0,6.47542575924367e-05,0,6.47542575924367e-05,0.000129508515184873,0.000129508515184873
"282",15430,0,7,0,6,0,0,471,15437,"a","a","g","g",0.000453455982379996,0.000453455982379996,0,0,0,0,0,0,0.000453455982379996,0.000453455982379996
"283",15437,0,2,2,2,0,0,472,15441,"a","a","g","g",0.000129525289812836,0.000129525289812836,0.000129525289812836,0.000129525289812836,0,0.000129525289812836,0,0.000129525289812836,0.000259050579625672,0.000259050579625672
"284",15435,1,4,1,2,0,0,473,15441,"a","a","g","g",0.000259050579625672,0.000259050579625672,0.000129525289812836,0.000129525289812836,6.4762644906418e-05,6.4762644906418e-05,6.4762644906418e-05,6.4762644906418e-05,0.000388575869438508,0.000388575869438508
"285",15429,0,11,1,2,0,0,474,15441,"a","a","g","g",0.000712389093970598,0.000712389093970598,6.4762644906418e-05,6.4762644906418e-05,0,6.4762644906418e-05,0,6.4762644906418e-05,0.000777151738877016,0.000777151738877016
"286",15439,0,2,0,2,1,0,475,15441,"a","a","g","g",0.000129525289812836,0.000129525289812836,0,0,0,0,0,0,0.000129525289812836,0.000129525289812836
"287",42,0,15400,0,1,0,0,476,15442,"g","g","a","a",0.00271985494106981,0.00271985494106981,0,0,0,0,0,0,0.00271985494106981,0.00271985494106981
"288",1269,0,14173,0,1,0,0,477,15442,"g","g","a","a",0.082178474290895,0.082178474290895,0,0,0,0,0,0,0.082178474290895,0.082178474290895
"289",3,0,15440,0,0,2,0,478,15443,"g","g","a","a",0.00019426277277731,0.00019426277277731,0,0,0,0,0,0,0.00019426277277731,0.00019426277277731
"290",15438,0,4,0,1,0,0,479,15442,"a","a","g","g",0.00025903380391141,0.00025903380391141,0,0,0,0,0,0,0.00025903380391141,0.00025903380391141
"291",3,15434,0,5,1,1,0,480,15442,"c","c","t","t",0.000323792254889263,0.000323792254889263,0.000194275352933558,0.000194275352933558,0.000194275352933558,0,0.000194275352933558,0,0.000518067607822821,0.000518067607822821
"292",15431,0,3,0,9,0,0,481,15434,"a","a","g","g",0.000194376052870286,0.000194376052870286,0,0,0,0,0,0,0.000194376052870286,0.000194376052870286
"293",15436,1,4,0,2,0,0,482,15441,"a","a","g","g",0.000259050579625672,0.000259050579625672,6.4762644906418e-05,6.4762644906418e-05,6.4762644906418e-05,0,6.4762644906418e-05,0,0.00032381322453209,0.00032381322453209
"294",15432,0,9,0,2,0,0,483,15441,"a","a","g","g",0.000582863804157762,0.000582863804157762,0,0,0,0,0,0,0.000582863804157762,0.000582863804157762
"295",15437,0,5,0,1,0,0,484,15442,"a","a","g","g",0.000323792254889263,0.000323792254889263,0,0,0,0,0,0,0.000323792254889263,0.000323792254889263
"296",14534,0,908,0,1,0,0,485,15442,"a","a","g","g",0.0588006734878902,0.0588006734878902,0,0,0,0,0,0,0.0588006734878902,0.0588006734878902
"297",18,1,15423,0,1,2,0,486,15442,"g","g","a","a",0.00116565211760135,0.00116565211760135,6.47584509778526e-05,6.47584509778526e-05,6.47584509778526e-05,0,6.47584509778526e-05,0,0.0012304105685792,0.0012304105685792
"298",15440,0,2,0,1,0,0,487,15442,"a","a","g","g",0.000129516901955705,0.000129516901955705,0,0,0,0,0,0,0.000129516901955705,0.000129516901955705
"299",15432,0,10,0,1,0,0,488,15442,"a","a","g","g",0.000647584509778526,0.000647584509778526,0,0,0,0,0,0,0.000647584509778526,0.000647584509778526
"300",15413,0,29,0,1,0,0,489,15442,"a","a","g","g",0.00187799507835773,0.00187799507835773,0,0,0,0,0,0,0.00187799507835773,0.00187799507835773
"301",20,0,15422,1,0,0,0,490,15443,"g","g","a","a",0.00129508515184873,0.00129508515184873,6.47542575924367e-05,6.47542575924367e-05,0,6.47542575924367e-05,0,6.47542575924367e-05,0.00135983940944117,0.00135983940944117
"302",15436,0,4,0,3,0,0,491,15440,"a","a","g","g",0.000259067357512953,0.000259067357512953,0,0,0,0,0,0,0.000259067357512953,0.000259067357512953
"303",15413,0,28,0,2,0,0,492,15441,"a","a","g","g",0.0018133540573797,0.0018133540573797,0,0,0,0,0,0,0.0018133540573797,0.0018133540573797
"304",2,0,0,15438,3,0,0,493,15440,"t","t","c","c",0,0,0.000129533678756477,0.000129533678756477,0.000129533678756477,0,0.000129533678756477,0,0.000129533678756477,0.000129533678756477
"305",15440,1,1,0,1,0,0,494,15442,"a","a","g","g",6.47584509778526e-05,6.47584509778526e-05,6.47584509778526e-05,6.47584509778526e-05,6.47584509778526e-05,0,6.47584509778526e-05,0,0.000129516901955705,0.000129516901955705
"306",2,630,0,14810,1,0,0,495,15442,"t","t","c","c",0.0407978241160471,0.0407978241160471,0.000129516901955705,0.000129516901955705,0.000129516901955705,0,0.000129516901955705,0,0.0409273410180028,0.0409273410180028
"307",15440,0,1,0,2,0,0,496,15441,"a","a","g","g",6.4762644906418e-05,6.4762644906418e-05,0,0,0,0,0,0,6.4762644906418e-05,6.4762644906418e-05
"308",15440,0,1,1,1,0,0,497,15442,"a","a","g","g",6.47584509778526e-05,6.47584509778526e-05,6.47584509778526e-05,6.47584509778526e-05,0,6.47584509778526e-05,0,6.47584509778526e-05,0.000129516901955705,0.000129516901955705
"309",0,0,0,15442,1,0,0,498,15442,"t","t","c","c",0,0,0,0,0,0,0,0,0,0
"310",64,0,15377,0,2,1,0,499,15441,"g","g","a","a",0.00414480927401075,0.00414480927401075,0,0,0,0,0,0,0.00414480927401075,0.00414480927401075
"311",15439,0,0,1,3,0,0,500,15440,"a","a","g","g",0,0,6.47668393782383e-05,6.47668393782383e-05,0,6.47668393782383e-05,0,6.47668393782383e-05,6.47668393782383e-05,6.47668393782383e-05
"312",15431,0,9,0,3,0,0,501,15440,"a","a","g","g",0.000582901554404145,0.000582901554404145,0,0,0,0,0,0,0.000582901554404145,0.000582901554404145
"313",15439,0,1,1,2,0,0,502,15441,"a","a","g","g",6.4762644906418e-05,6.4762644906418e-05,6.4762644906418e-05,6.4762644906418e-05,0,6.4762644906418e-05,0,6.4762644906418e-05,0.000129525289812836,0.000129525289812836
"314",0,15439,0,1,3,0,0,503,15440,"c","c","t","t",6.47668393782383e-05,6.47668393782383e-05,0,0,0,0,0,0,6.47668393782383e-05,6.47668393782383e-05
"315",15434,2,7,0,0,0,0,504,15443,"a","a","g","g",0.000453279803147057,0.000453279803147057,0.000129508515184873,0.000129508515184873,0.000129508515184873,0,0.000129508515184873,0,0.00058278831833193,0.00058278831833193
"316",0,0,1,15440,2,0,0,505,15441,"t","t","c","c",0,0,6.4762644906418e-05,6.4762644906418e-05,0,6.4762644906418e-05,0,6.4762644906418e-05,6.4762644906418e-05,6.4762644906418e-05
"317",5,0,15435,0,3,0,0,506,15440,"g","g","a","a",0.000323834196891192,0.000323834196891192,0,0,0,0,0,0,0.000323834196891192,0.000323834196891192
"318",3,0,15438,0,2,0,0,507,15441,"g","g","a","a",0.000194287934719254,0.000194287934719254,0,0,0,0,0,0,0.000194287934719254,0.000194287934719254
"319",0,0,0,15440,3,0,0,508,15440,"t","t","c","c",0,0,0,0,0,0,0,0,0,0
"320",15442,0,0,0,1,0,0,509,15442,"a","a","g","g",0,0,0,0,0,0,0,0,0,0
"321",1,18,0,15421,3,0,0,510,15440,"t","t","c","c",0.00116580310880829,0.00116580310880829,6.47668393782383e-05,6.47668393782383e-05,6.47668393782383e-05,0,6.47668393782383e-05,0,0.00123056994818653,0.00123056994818653
"322",1,2,3,15435,2,0,0,511,15441,"t","t","c","c",0.000129525289812836,0.000129525289812836,0.000259050579625672,0.000259050579625672,6.4762644906418e-05,0.000194287934719254,6.4762644906418e-05,0.000194287934719254,0.000388575869438508,0.000388575869438508
"323",0,15440,0,1,2,0,0,512,15441,"c","c","t","t",6.4762644906418e-05,6.4762644906418e-05,0,0,0,0,0,0,6.4762644906418e-05,6.4762644906418e-05
"324",15430,1,11,0,1,0,0,513,15442,"a","a","g","g",0.000712342960756379,0.000712342960756379,6.47584509778526e-05,6.47584509778526e-05,6.47584509778526e-05,0,6.47584509778526e-05,0,0.000777101411734231,0.000777101411734231
"325",15437,0,5,0,1,0,0,514,15442,"a","a","g","g",0.000323792254889263,0.000323792254889263,0,0,0,0,0,0,0.000323792254889263,0.000323792254889263
"326",11,6,15424,0,2,0,0,515,15441,"g","g","a","a",0.000712389093970598,0.000712389093970598,0.000388575869438508,0.000388575869438508,0.000388575869438508,0,0.000388575869438508,0,0.00110096496340911,0.00110096496340911
"327",15434,0,7,1,1,0,0,516,15442,"a","a","g","g",0.000453309156844968,0.000453309156844968,6.47584509778526e-05,6.47584509778526e-05,0,6.47584509778526e-05,0,6.47584509778526e-05,0.000518067607822821,0.000518067607822821
"328",4,0,15438,0,1,0,0,517,15442,"g","g","a","a",0.00025903380391141,0.00025903380391141,0,0,0,0,0,0,0.00025903380391141,0.00025903380391141
"329",15438,0,1,0,4,0,0,518,15439,"a","a","g","g",6.47710343934193e-05,6.47710343934193e-05,0,0,0,0,0,0,6.47710343934193e-05,6.47710343934193e-05
"330",0,12,0,15426,5,0,0,519,15438,"t","t","c","c",0.000777302759424796,0.000777302759424796,0,0,0,0,0,0,0.000777302759424796,0.000777302759424796
"331",1,1,0,15436,5,0,0,520,15438,"t","t","c","c",6.47752299520663e-05,6.47752299520663e-05,6.47752299520663e-05,6.47752299520663e-05,6.47752299520663e-05,0,6.47752299520663e-05,0,0.000129550459904133,0.000129550459904133
"332",0,0,0,15439,4,0,0,521,15439,"t","t","c","c",0,0,0,0,0,0,0,0,0,0
"333",15426,0,12,0,5,0,0,522,15438,"a","a","g","g",0.000777302759424796,0.000777302759424796,0,0,0,0,0,0,0.000777302759424796,0.000777302759424796
"334",15431,0,7,1,4,0,0,523,15439,"a","a","g","g",0.000453397240753935,0.000453397240753935,6.47710343934193e-05,6.47710343934193e-05,0,6.47710343934193e-05,0,6.47710343934193e-05,0.000518168275147354,0.000518168275147354
"335",0,2,0,15436,5,0,0,524,15438,"t","t","c","c",0.000129550459904133,0.000129550459904133,0,0,0,0,0,0,0.000129550459904133,0.000129550459904133
"336",15440,0,2,0,1,0,0,525,15442,"a","a","g","g",0.000129516901955705,0.000129516901955705,0,0,0,0,0,0,0.000129516901955705,0.000129516901955705
"337",0,3,1,15437,2,0,0,526,15441,"t","t","c","c",0.000194287934719254,0.000194287934719254,6.4762644906418e-05,6.4762644906418e-05,0,6.4762644906418e-05,0,6.4762644906418e-05,0.000259050579625672,0.000259050579625672
"338",7,0,15432,0,4,0,0,527,15439,"g","g","a","a",0.000453397240753935,0.000453397240753935,0,0,0,0,0,0,0.000453397240753935,0.000453397240753935
"339",0,6,0,15436,1,0,0,528,15442,"t","t","c","c",0.000388550705867116,0.000388550705867116,0,0,0,0,0,0,0.000388550705867116,0.000388550705867116
"340",10,0,15430,0,3,0,0,529,15440,"g","g","a","a",0.000647668393782383,0.000647668393782383,0,0,0,0,0,0,0.000647668393782383,0.000647668393782383
"341",15436,0,2,0,5,0,0,530,15438,"a","a","g","g",0.000129550459904133,0.000129550459904133,0,0,0,0,0,0,0.000129550459904133,0.000129550459904133
"342",15432,0,9,0,2,0,0,531,15441,"a","a","g","g",0.000582863804157762,0.000582863804157762,0,0,0,0,0,0,0.000582863804157762,0.000582863804157762
"343",5,15434,1,1,2,0,0,532,15441,"c","c","t","t",6.4762644906418e-05,6.4762644906418e-05,0.000388575869438508,0.000388575869438508,0.00032381322453209,6.4762644906418e-05,0.00032381322453209,6.4762644906418e-05,0.000453338514344926,0.000453338514344926
"344",15404,0,22,0,17,0,0,533,15426,"a","a","g","g",0.00142616361986257,0.00142616361986257,0,0,0,0,0,0,0.00142616361986257,0.00142616361986257
"345",15418,1,14,0,10,0,0,534,15433,"a","a","g","g",0.000907147022613879,0.000907147022613879,6.47962159009914e-05,6.47962159009914e-05,6.47962159009914e-05,0,6.47962159009914e-05,0,0.000971943238514871,0.000971943238514871
"346",15431,0,10,0,2,0,0,535,15441,"a","a","g","g",0.00064762644906418,0.00064762644906418,0,0,0,0,0,0,0.00064762644906418,0.00064762644906418
"347",15412,0,28,1,2,0,0,536,15441,"a","a","g","g",0.0018133540573797,0.0018133540573797,6.4762644906418e-05,6.4762644906418e-05,0,6.4762644906418e-05,0,6.4762644906418e-05,0.00187811670228612,0.00187811670228612
"348",10,1,3,15420,9,0,0,537,15434,"t","t","c","c",6.47920176234288e-05,6.47920176234288e-05,0.000842296229104574,0.000842296229104574,0.000647920176234288,0.000194376052870286,0.000647920176234288,0.000194376052870286,0.000907088246728003,0.000907088246728003
"349",15434,0,8,1,0,0,0,538,15443,"a","a","g","g",0.000518034060739494,0.000518034060739494,6.47542575924367e-05,6.47542575924367e-05,0,6.47542575924367e-05,0,6.47542575924367e-05,0.00058278831833193,0.00058278831833193
"350",44,15391,0,2,6,0,0,539,15437,"c","c","t","t",0.00012955885210857,0.00012955885210857,0.00285029474638855,0.00285029474638855,0.00285029474638855,0,0.00285029474638855,0,0.00297985359849712,0.00297985359849712
"351",1,7,2,15429,4,0,0,540,15439,"t","t","c","c",0.000453397240753935,0.000453397240753935,0.000194313103180258,0.000194313103180258,6.47710343934193e-05,0.000129542068786839,6.47710343934193e-05,0.000129542068786839,0.000647710343934193,0.000647710343934193
"352",15434,1,2,3,3,0,0,541,15440,"a","a","g","g",0.000129533678756477,0.000129533678756477,0.000259067357512953,0.000259067357512953,6.47668393782383e-05,0.000194300518134715,6.47668393782383e-05,0.000194300518134715,0.00038860103626943,0.00038860103626943
"353",15302,29,108,1,3,0,0,542,15440,"a","a","g","g",0.00699481865284974,0.00699481865284974,0.00194300518134715,0.00194300518134715,0.00187823834196891,6.47668393782383e-05,0.00187823834196891,6.47668393782383e-05,0.00893782383419689,0.00893782383419689
"354",2,3,1,15434,3,0,0,543,15440,"t","t","c","c",0.000194300518134715,0.000194300518134715,0.000194300518134715,0.000194300518134715,0.000129533678756477,6.47668393782383e-05,0.000129533678756477,6.47668393782383e-05,0.00038860103626943,0.00038860103626943
"355",10,0,15429,0,4,0,0,544,15439,"g","g","a","a",0.000647710343934193,0.000647710343934193,0,0,0,0,0,0,0.000647710343934193,0.000647710343934193
"356",28,0,15411,0,4,0,0,545,15439,"g","g","a","a",0.00181358896301574,0.00181358896301574,0,0,0,0,0,0,0.00181358896301574,0.00181358896301574
"357",15422,0,17,0,4,0,0,546,15439,"a","a","g","g",0.00110110758468813,0.00110110758468813,0,0,0,0,0,0,0.00110110758468813,0.00110110758468813
"358",15429,0,10,0,4,0,0,547,15439,"a","a","g","g",0.000647710343934193,0.000647710343934193,0,0,0,0,0,0,0.000647710343934193,0.000647710343934193
"359",49,0,15391,0,3,0,0,548,15440,"g","g","a","a",0.00317357512953368,0.00317357512953368,0,0,0,0,0,0,0.00317357512953368,0.00317357512953368
"360",0,3,0,15436,4,0,0,549,15439,"t","t","c","c",0.000194313103180258,0.000194313103180258,0,0,0,0,0,0,0.000194313103180258,0.000194313103180258
"361",15,0,15424,0,4,0,0,550,15439,"g","g","a","a",0.000971565515901289,0.000971565515901289,0,0,0,0,0,0,0.000971565515901289,0.000971565515901289
"362",15432,0,5,1,5,0,0,551,15438,"a","a","g","g",0.000323876149760332,0.000323876149760332,6.47752299520663e-05,6.47752299520663e-05,0,6.47752299520663e-05,0,6.47752299520663e-05,0.000388651379712398,0.000388651379712398
"363",15415,6,18,0,4,0,0,552,15439,"a","a","g","g",0.00116587861908155,0.00116587861908155,0.000388626206360516,0.000388626206360516,0.000388626206360516,0,0.000388626206360516,0,0.00155450482544206,0.00155450482544206
"364",15437,0,2,0,4,0,0,553,15439,"a","a","g","g",0.000129542068786839,0.000129542068786839,0,0,0,0,0,0,0.000129542068786839,0.000129542068786839
"365",2,0,15438,0,3,0,0,554,15440,"g","g","a","a",0.000129533678756477,0.000129533678756477,0,0,0,0,0,0,0.000129533678756477,0.000129533678756477
"366",2,42,0,15396,3,0,0,555,15440,"t","t","c","c",0.00272020725388601,0.00272020725388601,0.000129533678756477,0.000129533678756477,0.000129533678756477,0,0.000129533678756477,0,0.00284974093264249,0.00284974093264249
"367",15437,0,3,0,3,0,0,556,15440,"a","a","g","g",0.000194300518134715,0.000194300518134715,0,0,0,0,0,0,0.000194300518134715,0.000194300518134715
"368",15435,0,8,0,1,0,0,557,15443,"a","a","g","g",0.000518034060739494,0.000518034060739494,0,0,0,0,0,0,0.000518034060739494,0.000518034060739494
"369",15436,0,8,0,0,0,0,558,15444,"a","a","g","g",0.000518000518000518,0.000518000518000518,0,0,0,0,0,0,0.000518000518000518,0.000518000518000518
"370",0,1,1,15441,1,0,0,559,15443,"t","t","c","c",6.47542575924367e-05,6.47542575924367e-05,6.47542575924367e-05,6.47542575924367e-05,0,6.47542575924367e-05,0,6.47542575924367e-05,0.000129508515184873,0.000129508515184873
"371",1,0,15442,0,1,0,0,560,15443,"g","g","a","a",6.47542575924367e-05,6.47542575924367e-05,0,0,0,0,0,0,6.47542575924367e-05,6.47542575924367e-05
"372",0,233,0,15207,4,0,0,561,15440,"t","t","c","c",0.0150906735751295,0.0150906735751295,0,0,0,0,0,0,0.0150906735751295,0.0150906735751295
"373",0,2,0,15440,2,0,0,562,15442,"t","t","c","c",0.000129516901955705,0.000129516901955705,0,0,0,0,0,0,0.000129516901955705,0.000129516901955705
"374",15436,0,5,0,3,0,0,563,15441,"a","a","g","g",0.00032381322453209,0.00032381322453209,0,0,0,0,0,0,0.00032381322453209,0.00032381322453209
"375",1,15427,1,11,4,0,0,564,15440,"c","c","t","t",0.000712435233160622,0.000712435233160622,0.000129533678756477,0.000129533678756477,6.47668393782383e-05,6.47668393782383e-05,6.47668393782383e-05,6.47668393782383e-05,0.000841968911917098,0.000841968911917098
"376",15440,0,1,0,3,0,0,565,15441,"a","a","g","g",6.4762644906418e-05,6.4762644906418e-05,0,0,0,0,0,0,6.4762644906418e-05,6.4762644906418e-05
"377",0,1,0,15441,2,0,0,566,15442,"t","t","c","c",6.47584509778526e-05,6.47584509778526e-05,0,0,0,0,0,0,6.47584509778526e-05,6.47584509778526e-05
"378",10,0,15431,1,2,0,0,567,15442,"g","g","a","a",0.000647584509778526,0.000647584509778526,6.47584509778526e-05,6.47584509778526e-05,0,6.47584509778526e-05,0,6.47584509778526e-05,0.000712342960756379,0.000712342960756379
"379",15440,0,1,0,3,0,0,568,15441,"a","a","g","g",6.4762644906418e-05,6.4762644906418e-05,0,0,0,0,0,0,6.4762644906418e-05,6.4762644906418e-05
"380",15442,0,1,0,1,0,0,569,15443,"a","a","g","g",6.47542575924367e-05,6.47542575924367e-05,0,0,0,0,0,0,6.47542575924367e-05,6.47542575924367e-05
"381",0,12,0,15429,3,0,0,570,15441,"t","t","c","c",0.000777151738877016,0.000777151738877016,0,0,0,0,0,0,0.000777151738877016,0.000777151738877016
"382",0,15441,0,1,2,0,0,571,15442,"c","c","t","t",6.47584509778526e-05,6.47584509778526e-05,0,0,0,0,0,0,6.47584509778526e-05,6.47584509778526e-05
"383",15442,0,2,0,0,0,0,572,15444,"a","a","g","g",0.00012950012950013,0.00012950012950013,0,0,0,0,0,0,0.00012950012950013,0.00012950012950013
"384",0,23,0,15416,5,0,0,573,15439,"t","t","c","c",0.00148973379104864,0.00148973379104864,0,0,0,0,0,0,0.00148973379104864,0.00148973379104864
"385",0,1,2,15439,2,0,0,574,15442,"t","t","c","c",6.47584509778526e-05,6.47584509778526e-05,0.000129516901955705,0.000129516901955705,0,0.000129516901955705,0,0.000129516901955705,0.000194275352933558,0.000194275352933558
"386",5,0,15436,0,3,0,0,575,15441,"g","g","a","a",0.00032381322453209,0.00032381322453209,0,0,0,0,0,0,0.00032381322453209,0.00032381322453209
"387",0,13,0,15429,2,0,0,576,15442,"t","t","c","c",0.000841859862712084,0.000841859862712084,0,0,0,0,0,0,0.000841859862712084,0.000841859862712084
"388",15437,0,2,0,5,0,0,577,15439,"a","a","g","g",0.000129542068786839,0.000129542068786839,0,0,0,0,0,0,0.000129542068786839,0.000129542068786839
"389",15435,0,4,0,5,0,0,578,15439,"a","a","g","g",0.000259084137573677,0.000259084137573677,0,0,0,0,0,0,0.000259084137573677,0.000259084137573677
"390",1,15435,0,4,4,0,0,579,15440,"c","c","t","t",0.000259067357512953,0.000259067357512953,6.47668393782383e-05,6.47668393782383e-05,6.47668393782383e-05,0,6.47668393782383e-05,0,0.000323834196891192,0.000323834196891192
"391",15438,0,2,0,4,0,0,580,15440,"a","a","g","g",0.000129533678756477,0.000129533678756477,0,0,0,0,0,0,0.000129533678756477,0.000129533678756477
"392",2,15434,0,3,5,0,0,581,15439,"c","c","t","t",0.000194313103180258,0.000194313103180258,0.000129542068786839,0.000129542068786839,0.000129542068786839,0,0.000129542068786839,0,0.000323855171967096,0.000323855171967096
"393",0,15431,0,9,4,0,0,582,15440,"c","c","t","t",0.000582901554404145,0.000582901554404145,0,0,0,0,0,0,0.000582901554404145,0.000582901554404145
"394",15441,0,0,0,3,0,0,583,15441,"a","a","g","g",0,0,0,0,0,0,0,0,0,0
"395",2,0,15439,0,3,0,0,584,15441,"g","g","a","a",0.000129525289812836,0.000129525289812836,0,0,0,0,0,0,0.000129525289812836,0.000129525289812836
"396",0,10,0,15430,4,0,0,585,15440,"t","t","c","c",0.000647668393782383,0.000647668393782383,0,0,0,0,0,0,0.000647668393782383,0.000647668393782383
"397",15430,0,13,0,1,0,0,586,15443,"a","a","g","g",0.000841805348701677,0.000841805348701677,0,0,0,0,0,0,0.000841805348701677,0.000841805348701677
"398",0,0,0,15440,4,0,0,587,15440,"t","t","c","c",0,0,0,0,0,0,0,0,0,0
"399",3,7,0,15431,3,0,0,588,15441,"t","t","c","c",0.000453338514344926,0.000453338514344926,0.000194287934719254,0.000194287934719254,0.000194287934719254,0,0.000194287934719254,0,0.00064762644906418,0.00064762644906418
"400",15443,0,0,0,1,0,0,589,15443,"a","a","g","g",0,0,0,0,0,0,0,0,0,0
"401",0,2,2,15437,3,0,0,590,15441,"t","t","c","c",0.000129525289812836,0.000129525289812836,0.000129525289812836,0.000129525289812836,0,0.000129525289812836,0,0.000129525289812836,0.000259050579625672,0.000259050579625672
"402",0,1,0,15441,2,0,0,591,15442,"t","t","c","c",6.47584509778526e-05,6.47584509778526e-05,0,0,0,0,0,0,6.47584509778526e-05,6.47584509778526e-05
"403",0,15440,0,4,0,0,0,592,15444,"c","c","t","t",0.000259000259000259,0.000259000259000259,0,0,0,0,0,0,0.000259000259000259,0.000259000259000259
"404",15442,0,2,0,0,0,0,593,15444,"a","a","g","g",0.00012950012950013,0.00012950012950013,0,0,0,0,0,0,0.00012950012950013,0.00012950012950013
"405",15422,1,20,1,0,0,0,594,15444,"a","a","g","g",0.00129500129500129,0.00129500129500129,0.00012950012950013,0.00012950012950013,6.47500647500648e-05,6.47500647500648e-05,6.47500647500648e-05,6.47500647500648e-05,0.00142450142450142,0.00142450142450142
"406",5,0,15439,0,0,0,0,595,15444,"g","g","a","a",0.000323750323750324,0.000323750323750324,0,0,0,0,0,0,0.000323750323750324,0.000323750323750324
"407",15441,1,2,0,0,0,0,596,15444,"a","a","g","g",0.00012950012950013,0.00012950012950013,6.47500647500648e-05,6.47500647500648e-05,6.47500647500648e-05,0,6.47500647500648e-05,0,0.000194250194250194,0.000194250194250194
"408",15431,0,13,0,0,0,0,597,15444,"a","a","g","g",0.000841750841750842,0.000841750841750842,0,0,0,0,0,0,0.000841750841750842,0.000841750841750842
"409",0,1,0,15443,0,0,0,598,15444,"t","t","c","c",6.47500647500648e-05,6.47500647500648e-05,0,0,0,0,0,0,6.47500647500648e-05,6.47500647500648e-05
"410",0,15443,0,1,0,0,0,599,15444,"c","c","t","t",6.47500647500648e-05,6.47500647500648e-05,0,0,0,0,0,0,6.47500647500648e-05,6.47500647500648e-05
"411",1,15441,0,2,0,0,0,600,15444,"c","c","t","t",0.00012950012950013,0.00012950012950013,6.47500647500648e-05,6.47500647500648e-05,6.47500647500648e-05,0,6.47500647500648e-05,0,0.000194250194250194,0.000194250194250194
"412",0,2,0,15442,0,0,0,601,15444,"t","t","c","c",0.00012950012950013,0.00012950012950013,0,0,0,0,0,0,0.00012950012950013,0.00012950012950013
"413",4,0,15440,0,0,0,0,602,15444,"g","g","a","a",0.000259000259000259,0.000259000259000259,0,0,0,0,0,0,0.000259000259000259,0.000259000259000259
"414",1,3,0,15440,0,0,0,603,15444,"t","t","c","c",0.000194250194250194,0.000194250194250194,6.47500647500648e-05,6.47500647500648e-05,6.47500647500648e-05,0,6.47500647500648e-05,0,0.000259000259000259,0.000259000259000259
"415",0,0,15444,0,0,0,0,604,15444,"g","g","a","a",0,0,0,0,0,0,0,0,0,0
"416",15442,0,1,1,0,0,0,605,15444,"a","a","g","g",6.47500647500648e-05,6.47500647500648e-05,6.47500647500648e-05,6.47500647500648e-05,0,6.47500647500648e-05,0,6.47500647500648e-05,0.00012950012950013,0.00012950012950013
"417",0,15436,0,8,0,0,0,606,15444,"c","c","t","t",0.000518000518000518,0.000518000518000518,0,0,0,0,0,0,0.000518000518000518,0.000518000518000518
"418",15441,0,2,1,0,0,0,607,15444,"a","a","g","g",0.00012950012950013,0.00012950012950013,6.47500647500648e-05,6.47500647500648e-05,0,6.47500647500648e-05,0,6.47500647500648e-05,0.000194250194250194,0.000194250194250194
"419",15443,0,1,0,0,0,0,608,15444,"a","a","g","g",6.47500647500648e-05,6.47500647500648e-05,0,0,0,0,0,0,6.47500647500648e-05,6.47500647500648e-05
"420",11,0,15433,0,0,0,0,609,15444,"g","g","a","a",0.000712250712250712,0.000712250712250712,0,0,0,0,0,0,0.000712250712250712,0.000712250712250712
"421",0,15444,0,0,0,0,0,610,15444,"c","c","t","t",0,0,0,0,0,0,0,0,0,0
"422",15440,0,4,0,0,0,0,611,15444,"a","a","g","g",0.000259000259000259,0.000259000259000259,0,0,0,0,0,0,0.000259000259000259,0.000259000259000259
"423",0,78,0,15365,1,0,0,612,15443,"t","t","c","c",0.00505083209221006,0.00505083209221006,0,0,0,0,0,0,0.00505083209221006,0.00505083209221006
"424",0,2,0,15442,0,0,0,613,15444,"t","t","c","c",0.00012950012950013,0.00012950012950013,0,0,0,0,0,0,0.00012950012950013,0.00012950012950013
"425",15442,1,1,0,0,0,0,614,15444,"a","a","g","g",6.47500647500648e-05,6.47500647500648e-05,6.47500647500648e-05,6.47500647500648e-05,6.47500647500648e-05,0,6.47500647500648e-05,0,0.00012950012950013,0.00012950012950013
"426",0,10,0,15434,0,0,0,615,15444,"t","t","c","c",0.000647500647500647,0.000647500647500647,0,0,0,0,0,0,0.000647500647500647,0.000647500647500647
"427",0,1,1,15442,0,0,0,616,15444,"t","t","c","c",6.47500647500648e-05,6.47500647500648e-05,6.47500647500648e-05,6.47500647500648e-05,0,6.47500647500648e-05,0,6.47500647500648e-05,0.00012950012950013,0.00012950012950013
"428",131,0,15313,0,0,0,0,617,15444,"g","g","a","a",0.00848225848225848,0.00848225848225848,0,0,0,0,0,0,0.00848225848225848,0.00848225848225848
"429",2,0,15441,1,0,0,0,618,15444,"g","g","a","a",0.00012950012950013,0.00012950012950013,6.47500647500648e-05,6.47500647500648e-05,0,6.47500647500648e-05,0,6.47500647500648e-05,0.000194250194250194,0.000194250194250194
"430",5,0,15439,0,0,0,0,619,15444,"g","g","a","a",0.000323750323750324,0.000323750323750324,0,0,0,0,0,0,0.000323750323750324,0.000323750323750324
"431",15440,0,4,0,0,0,0,620,15444,"a","a","g","g",0.000259000259000259,0.000259000259000259,0,0,0,0,0,0,0.000259000259000259,0.000259000259000259
"432",1,10,0,15433,0,0,0,621,15444,"t","t","c","c",0.000647500647500647,0.000647500647500647,6.47500647500648e-05,6.47500647500648e-05,6.47500647500648e-05,0,6.47500647500648e-05,0,0.000712250712250712,0.000712250712250712
"433",86,0,15358,0,0,0,0,622,15444,"g","g","a","a",0.00556850556850557,0.00556850556850557,0,0,0,0,0,0,0.00556850556850557,0.00556850556850557
"434",1,15441,0,2,0,1,0,623,15444,"c","c","t","t",0.00012950012950013,0.00012950012950013,6.47500647500648e-05,6.47500647500648e-05,6.47500647500648e-05,0,6.47500647500648e-05,0,0.000194250194250194,0.000194250194250194
"435",0,0,0,15444,0,1,0,624,15444,"t","t","c","c",0,0,0,0,0,0,0,0,0,0
"436",15438,0,6,0,0,1,0,625,15444,"a","a","g","g",0.000388500388500389,0.000388500388500389,0,0,0,0,0,0,0.000388500388500389,0.000388500388500389
"437",0,0,0,15443,1,0,0,626,15443,"t","t","c","c",0,0,0,0,0,0,0,0,0,0
"438",0,29,0,15415,0,0,0,627,15444,"t","t","c","c",0.00187775187775188,0.00187775187775188,0,0,0,0,0,0,0.00187775187775188,0.00187775187775188
"439",15442,0,2,0,0,0,0,628,15444,"a","a","g","g",0.00012950012950013,0.00012950012950013,0,0,0,0,0,0,0.00012950012950013,0.00012950012950013
"440",7,0,15437,0,0,0,0,629,15444,"g","g","a","a",0.000453250453250453,0.000453250453250453,0,0,0,0,0,0,0.000453250453250453,0.000453250453250453
"441",15435,0,9,0,0,0,0,630,15444,"a","a","g","g",0.000582750582750583,0.000582750582750583,0,0,0,0,0,0,0.000582750582750583,0.000582750582750583
"442",0,3,1,15440,0,0,0,631,15444,"t","t","c","c",0.000194250194250194,0.000194250194250194,6.47500647500648e-05,6.47500647500648e-05,0,6.47500647500648e-05,0,6.47500647500648e-05,0.000259000259000259,0.000259000259000259
"443",0,0,1,15443,0,0,0,632,15444,"t","t","c","c",0,0,6.47500647500648e-05,6.47500647500648e-05,0,6.47500647500648e-05,0,6.47500647500648e-05,6.47500647500648e-05,6.47500647500648e-05
"444",0,11,0,15433,0,0,0,633,15444,"t","t","c","c",0.000712250712250712,0.000712250712250712,0,0,0,0,0,0,0.000712250712250712,0.000712250712250712
"445",15441,0,3,0,0,0,0,634,15444,"a","a","g","g",0.000194250194250194,0.000194250194250194,0,0,0,0,0,0,0.000194250194250194,0.000194250194250194
"446",5,0,15439,0,0,0,0,635,15444,"g","g","a","a",0.000323750323750324,0.000323750323750324,0,0,0,0,0,0,0.000323750323750324,0.000323750323750324
"447",15430,0,12,2,0,0,0,636,15444,"a","a","g","g",0.000777000777000777,0.000777000777000777,0.00012950012950013,0.00012950012950013,0,0.00012950012950013,0,0.00012950012950013,0.000906500906500907,0.000906500906500907
"448",0,2,0,15442,0,0,0,637,15444,"t","t","c","c",0.00012950012950013,0.00012950012950013,0,0,0,0,0,0,0.00012950012950013,0.00012950012950013
"449",15442,0,2,0,0,0,0,638,15444,"a","a","g","g",0.00012950012950013,0.00012950012950013,0,0,0,0,0,0,0.00012950012950013,0.00012950012950013
"450",0,12,0,15432,0,0,0,639,15444,"t","t","c","c",0.000777000777000777,0.000777000777000777,0,0,0,0,0,0,0.000777000777000777,0.000777000777000777
"451",0,1,0,15442,0,0,0,640,15443,"t","t","c","c",6.47542575924367e-05,6.47542575924367e-05,0,0,0,0,0,0,6.47542575924367e-05,6.47542575924367e-05
"452",2,0,15441,0,0,0,0,641,15443,"g","g","a","a",0.000129508515184873,0.000129508515184873,0,0,0,0,0,0,0.000129508515184873,0.000129508515184873
"453",0,9,0,15434,0,0,0,642,15443,"t","t","c","c",0.00058278831833193,0.00058278831833193,0,0,0,0,0,0,0.00058278831833193,0.00058278831833193
"454",3,0,15440,0,0,0,0,643,15443,"g","g","a","a",0.00019426277277731,0.00019426277277731,0,0,0,0,0,0,0.00019426277277731,0.00019426277277731
"455",0,15443,0,0,0,0,0,644,15443,"c","c","t","t",0,0,0,0,0,0,0,0,0,0
"456",15433,1,9,0,0,0,0,645,15443,"a","a","g","g",0.00058278831833193,0.00058278831833193,6.47542575924367e-05,6.47542575924367e-05,6.47542575924367e-05,0,6.47542575924367e-05,0,0.000647542575924367,0.000647542575924367
"457",0,15443,0,0,0,0,0,646,15443,"c","c","t","t",0,0,0,0,0,0,0,0,0,0
"458",0,15438,0,5,0,0,0,647,15443,"c","c","t","t",0.000323771287962183,0.000323771287962183,0,0,0,0,0,0,0.000323771287962183,0.000323771287962183
"459",115,0,15328,0,0,0,0,648,15443,"g","g","a","a",0.00744673962313022,0.00744673962313022,0,0,0,0,0,0,0.00744673962313022,0.00744673962313022
"460",0,15443,0,0,0,0,0,649,15443,"c","c","t","t",0,0,0,0,0,0,0,0,0,0
"461",0,15442,0,1,0,0,0,650,15443,"c","c","t","t",6.47542575924367e-05,6.47542575924367e-05,0,0,0,0,0,0,6.47542575924367e-05,6.47542575924367e-05
"462",15434,0,8,1,0,0,0,651,15443,"a","a","g","g",0.000518034060739494,0.000518034060739494,6.47542575924367e-05,6.47542575924367e-05,0,6.47542575924367e-05,0,6.47542575924367e-05,0.00058278831833193,0.00058278831833193
"463",1,0,15442,0,0,0,0,652,15443,"g","g","a","a",6.47542575924367e-05,6.47542575924367e-05,0,0,0,0,0,0,6.47542575924367e-05,6.47542575924367e-05
"464",1,0,15442,0,0,0,0,653,15443,"g","g","a","a",6.47542575924367e-05,6.47542575924367e-05,0,0,0,0,0,0,6.47542575924367e-05,6.47542575924367e-05
"465",5,10,4,15423,1,0,0,654,15442,"t","t","c","c",0.000647584509778526,0.000647584509778526,0.000582826058800674,0.000582826058800674,0.000323792254889263,0.00025903380391141,0.000323792254889263,0.00025903380391141,0.0012304105685792,0.0012304105685792
"466",0,0,0,15442,1,0,0,655,15442,"t","t","c","c",0,0,0,0,0,0,0,0,0,0
"467",15441,0,1,1,0,0,0,656,15443,"a","a","g","g",6.47542575924367e-05,6.47542575924367e-05,6.47542575924367e-05,6.47542575924367e-05,0,6.47542575924367e-05,0,6.47542575924367e-05,0.000129508515184873,0.000129508515184873
"468",1,55,1,15383,3,0,0,657,15440,"t","t","c","c",0.00356217616580311,0.00356217616580311,0.000129533678756477,0.000129533678756477,6.47668393782383e-05,6.47668393782383e-05,6.47668393782383e-05,6.47668393782383e-05,0.00369170984455959,0.00369170984455959
"469",3,0,15436,0,3,0,0,658,15439,"g","g","a","a",0.000194313103180258,0.000194313103180258,0,0,0,0,0,0,0.000194313103180258,0.000194313103180258
"470",0,15435,0,4,3,0,0,659,15439,"c","c","t","t",0.000259084137573677,0.000259084137573677,0,0,0,0,0,0,0.000259084137573677,0.000259084137573677
"471",0,9,0,15429,4,0,0,660,15438,"t","t","c","c",0.000582977069568597,0.000582977069568597,0,0,0,0,0,0,0.000582977069568597,0.000582977069568597
"472",0,4,0,15435,3,0,0,661,15439,"t","t","c","c",0.000259084137573677,0.000259084137573677,0,0,0,0,0,0,0.000259084137573677,0.000259084137573677
"473",1,2,0,15439,0,0,0,662,15442,"t","t","c","c",0.000129516901955705,0.000129516901955705,6.47584509778526e-05,6.47584509778526e-05,6.47584509778526e-05,0,6.47584509778526e-05,0,0.000194275352933558,0.000194275352933558
"474",51,0,15391,0,0,0,0,663,15442,"g","g","a","a",0.00330268099987048,0.00330268099987048,0,0,0,0,0,0,0.00330268099987048,0.00330268099987048
"475",0,15440,0,2,0,0,0,664,15442,"c","c","t","t",0.000129516901955705,0.000129516901955705,0,0,0,0,0,0,0.000129516901955705,0.000129516901955705
"476",0,1,0,15439,2,0,0,665,15440,"t","t","c","c",6.47668393782383e-05,6.47668393782383e-05,0,0,0,0,0,0,6.47668393782383e-05,6.47668393782383e-05
"477",0,5,0,15435,2,0,0,666,15440,"t","t","c","c",0.000323834196891192,0.000323834196891192,0,0,0,0,0,0,0.000323834196891192,0.000323834196891192
"478",15437,0,2,0,3,0,0,667,15439,"a","a","g","g",0.000129542068786839,0.000129542068786839,0,0,0,0,0,0,0.000129542068786839,0.000129542068786839
"479",5,0,15435,0,2,0,0,668,15440,"g","g","a","a",0.000323834196891192,0.000323834196891192,0,0,0,0,0,0,0.000323834196891192,0.000323834196891192
"480",32,0,15408,0,2,0,0,669,15440,"g","g","a","a",0.00207253886010363,0.00207253886010363,0,0,0,0,0,0,0.00207253886010363,0.00207253886010363
"481",1,2,0,15439,0,0,0,670,15442,"t","t","c","c",0.000129516901955705,0.000129516901955705,6.47584509778526e-05,6.47584509778526e-05,6.47584509778526e-05,0,6.47584509778526e-05,0,0.000194275352933558,0.000194275352933558
"482",6,0,15434,0,2,0,0,671,15440,"g","g","a","a",0.00038860103626943,0.00038860103626943,0,0,0,0,0,0,0.00038860103626943,0.00038860103626943
"483",0,11,0,15431,0,0,0,672,15442,"t","t","c","c",0.000712342960756379,0.000712342960756379,0,0,0,0,0,0,0.000712342960756379,0.000712342960756379
"484",15434,1,5,0,2,0,0,673,15440,"a","a","g","g",0.000323834196891192,0.000323834196891192,6.47668393782383e-05,6.47668393782383e-05,6.47668393782383e-05,0,6.47668393782383e-05,0,0.00038860103626943,0.00038860103626943
"485",15433,1,5,1,2,0,0,674,15440,"a","a","g","g",0.000323834196891192,0.000323834196891192,0.000129533678756477,0.000129533678756477,6.47668393782383e-05,6.47668393782383e-05,6.47668393782383e-05,6.47668393782383e-05,0.000453367875647668,0.000453367875647668
"486",0,5,1,15436,0,0,0,675,15442,"t","t","c","c",0.000323792254889263,0.000323792254889263,6.47584509778526e-05,6.47584509778526e-05,0,6.47584509778526e-05,0,6.47584509778526e-05,0.000388550705867116,0.000388550705867116
"487",8,0,15434,0,0,0,0,676,15442,"g","g","a","a",0.000518067607822821,0.000518067607822821,0,0,0,0,0,0,0.000518067607822821,0.000518067607822821
"488",15439,0,2,0,1,0,0,677,15441,"a","a","g","g",0.000129525289812836,0.000129525289812836,0,0,0,0,0,0,0.000129525289812836,0.000129525289812836
"489",0,7,0,15434,1,0,0,678,15441,"t","t","c","c",0.000453338514344926,0.000453338514344926,0,0,0,0,0,0,0.000453338514344926,0.000453338514344926
"490",15438,0,3,0,1,0,0,679,15441,"a","a","g","g",0.000194287934719254,0.000194287934719254,0,0,0,0,0,0,0.000194287934719254,0.000194287934719254
"491",0,15434,0,7,1,0,0,680,15441,"c","c","t","t",0.000453338514344926,0.000453338514344926,0,0,0,0,0,0,0.000453338514344926,0.000453338514344926
"492",15438,0,2,0,2,0,0,681,15440,"a","a","g","g",0.000129533678756477,0.000129533678756477,0,0,0,0,0,0,0.000129533678756477,0.000129533678756477
